,FSRQ,DWJZ,LJJZ,SDATE,ACTUALSYI,NAVTYPE,JZZZL,SGZT,SHZT,FHFCZ,FHFCBZ,DTYPE,FHSP
0,2025-08-20,1.9339,1.9339,,,1,-0.51,限制大额申购,开放赎回,,,,
1,2025-08-19,1.9438,1.9438,,,1,-0.57,限制大额申购,开放赎回,,,,
2,2025-08-18,1.9549,1.9549,,,1,0.87,限制大额申购,开放赎回,,,,
3,2025-08-15,1.9381,1.9381,,,1,1.40,限制大额申购,开放赎回,,,,
4,2025-08-14,1.9113,1.9113,,,1,-0.68,限制大额申购,开放赎回,,,,
5,2025-08-13,1.9243,1.9243,,,1,1.01,限制大额申购,开放赎回,,,,
6,2025-08-12,1.9051,1.9051,,,1,0.91,限制大额申购,开放赎回,,,,
7,2025-08-11,1.8879,1.8879,,,1,-0.39,暂停申购,暂停赎回,,,,
8,2025-08-08,1.8953,1.8953,,,1,1.13,限制大额申购,开放赎回,,,,
9,2025-08-07,1.8742,1.8742,,,1,0.67,限制大额申购,开放赎回,,,,
10,2025-08-06,1.8618,1.8618,,,1,0.41,限制大额申购,开放赎回,,,,
11,2025-08-05,1.8542,1.8542,,,1,0.79,限制大额申购,开放赎回,,,,
12,2025-08-04,1.8396,1.8396,,,1,1.20,限制大额申购,开放赎回,,,,
13,2025-08-01,1.8178,1.8178,,,1,-1.40,限制大额申购,开放赎回,,,,
14,2025-07-31,1.8437,1.8437,,,1,0.14,限制大额申购,开放赎回,,,,
15,2025-07-30,1.8411,1.8411,,,1,0.47,限制大额申购,开放赎回,,,,
16,2025-07-29,1.8324,1.8324,,,1,-0.95,限制大额申购,开放赎回,,,,
17,2025-07-28,1.8499,1.8499,,,1,-1.08,限制大额申购,开放赎回,,,,
18,2025-07-25,1.8701,1.8701,,,1,-1.66,限制大额申购,开放赎回,,,,
19,2025-07-24,1.9016,1.9016,,,1,1.94,限制大额申购,开放赎回,,,,
20,2025-07-23,1.8655,1.8655,,,1,2.78,限制大额申购,开放赎回,,,,
21,2025-07-22,1.8151,1.8151,,,1,0.49,限制大额申购,开放赎回,,,,
22,2025-07-21,1.8062,1.8062,,,1,-0.02,暂停申购,暂停赎回,,,,
23,2025-07-18,1.8066,1.8066,,,1,-0.46,限制大额申购,开放赎回,,,,
24,2025-07-17,1.8149,1.8149,,,1,1.20,限制大额申购,开放赎回,,,,
25,2025-07-16,1.7934,1.7934,,,1,-0.76,限制大额申购,开放赎回,,,,
26,2025-07-15,1.8072,1.8072,,,1,-0.13,限制大额申购,开放赎回,,,,
27,2025-07-14,1.8096,1.8096,,,1,-0.72,限制大额申购,开放赎回,,,,
28,2025-07-11,1.8227,1.8227,,,1,0.03,限制大额申购,开放赎回,,,,
29,2025-07-10,1.8222,1.8222,,,1,-0.12,限制大额申购,开放赎回,,,,
30,2025-07-09,1.8244,1.8244,,,1,-0.49,限制大额申购,开放赎回,,,,
31,2025-07-08,1.8334,1.8334,,,1,-0.46,限制大额申购,开放赎回,,,,
32,2025-07-07,1.8418,1.8418,,,1,-0.29,限制大额申购,开放赎回,,,,
33,2025-07-04,1.8472,1.8472,,,1,-0.77,限制大额申购,开放赎回,,,,
34,2025-07-03,1.8615,1.8615,,,1,0.11,限制大额申购,开放赎回,,,,
35,2025-07-02,1.8595,1.8595,,,1,0.03,限制大额申购,开放赎回,,,,
36,2025-07-01,1.8590,1.8590,,,1,-0.58,限制大额申购,开放赎回,,,,
37,2025-06-30,1.8698,1.8698,,,1,0.44,限制大额申购,开放赎回,,,,
38,2025-06-27,1.8617,1.8617,,,1,1.70,限制大额申购,开放赎回,,,,
39,2025-06-26,1.8306,1.8306,,,1,0.59,限制大额申购,开放赎回,,,,
40,2025-06-25,1.8199,1.8199,,,1,1.16,限制大额申购,开放赎回,,,,
41,2025-06-24,1.7990,1.7990,,,1,0.82,限制大额申购,开放赎回,,,,
42,2025-06-23,1.7844,1.7844,,,1,-0.99,限制大额申购,开放赎回,,,,
43,2025-06-20,1.8022,1.8022,,,1,-0.98,限制大额申购,开放赎回,,,,
44,2025-06-19,1.8201,1.8201,,,1,-0.53,限制大额申购,开放赎回,,,,
45,2025-06-18,1.8298,1.8298,,,1,0.64,限制大额申购,开放赎回,,,,
46,2025-06-17,1.8182,1.8182,,,1,0.14,限制大额申购,开放赎回,,,,
47,2025-06-16,1.8156,1.8156,,,1,0.18,限制大额申购,开放赎回,,,,
48,2025-06-13,1.8124,1.8124,,,1,-0.76,限制大额申购,开放赎回,,,,
49,2025-06-12,1.8263,1.8263,,,1,0.20,限制大额申购,开放赎回,,,,
50,2025-06-11,1.8226,1.8226,,,1,-0.36,限制大额申购,开放赎回,,,,
51,2025-06-10,1.8291,1.8291,,,1,0.10,限制大额申购,开放赎回,,,,
52,2025-06-09,1.8273,1.8273,,,1,-0.03,限制大额申购,开放赎回,,,,
53,2025-06-06,1.8278,1.8278,,,1,-0.19,限制大额申购,开放赎回,,,,
54,2025-06-05,1.8312,1.8312,,,1,-0.17,限制大额申购,开放赎回,,,,
55,2025-06-04,1.8344,1.8344,,,1,-0.20,限制大额申购,开放赎回,,,,
56,2025-06-03,1.8381,1.8381,,,1,0.06,限制大额申购,开放赎回,,,,
57,2025-05-30,1.8370,1.8370,,,1,-0.11,限制大额申购,开放赎回,,,,
58,2025-05-29,1.8390,1.8390,,,1,0.89,限制大额申购,开放赎回,,,,
59,2025-05-28,1.8227,1.8227,,,1,-0.77,限制大额申购,开放赎回,,,,
60,2025-05-27,1.8369,1.8369,,,1,0.77,限制大额申购,开放赎回,,,,
61,2025-05-26,1.8228,1.8228,,,1,1.26,限制大额申购,开放赎回,,,,
62,2025-05-23,1.8002,1.8002,,,1,1.09,限制大额申购,开放赎回,,,,
63,2025-05-22,1.7808,1.7808,,,1,-0.46,限制大额申购,开放赎回,,,,
64,2025-05-21,1.7890,1.7890,,,1,-0.22,限制大额申购,开放赎回,,,,
65,2025-05-20,1.7929,1.7929,,,1,0.56,限制大额申购,开放赎回,,,,
66,2025-05-19,1.7829,1.7829,,,1,0.10,限制大额申购,开放赎回,,,,
67,2025-05-16,1.7811,1.7811,,,1,0.86,限制大额申购,开放赎回,,,,
68,2025-05-15,1.7659,1.7659,,,1,0.50,限制大额申购,开放赎回,,,,
69,2025-05-14,1.7572,1.7572,,,1,-0.18,限制大额申购,开放赎回,,,,
70,2025-05-13,1.7603,1.7603,,,1,-0.67,限制大额申购,开放赎回,,,,
71,2025-05-12,1.7721,1.7721,,,1,0.41,限制大额申购,开放赎回,,,,
72,2025-05-09,1.7649,1.7649,,,1,0.11,限制大额申购,开放赎回,,,,
73,2025-05-08,1.7629,1.7629,,,1,-0.25,限制大额申购,开放赎回,,,,
74,2025-05-07,1.7673,1.7673,,,1,0.55,限制大额申购,开放赎回,,,,
75,2025-05-06,1.7576,1.7576,,,1,-0.49,暂停申购,暂停赎回,,,,
76,2025-04-30,1.7663,1.7663,,,1,1.08,限制大额申购,开放赎回,,,,
77,2025-04-29,1.7475,1.7475,,,1,0.89,暂停申购,暂停赎回,,,,
78,2025-04-28,1.7320,1.7320,,,1,0.49,限制大额申购,开放赎回,,,,
79,2025-04-25,1.7235,1.7235,,,1,1.35,限制大额申购,开放赎回,,,,
80,2025-04-24,1.7006,1.7006,,,1,0.15,限制大额申购,开放赎回,,,,
81,2025-04-23,1.6980,1.6980,,,1,1.18,限制大额申购,开放赎回,,,,
82,2025-04-22,1.6782,1.6782,,,1,0.44,限制大额申购,开放赎回,,,,
83,2025-04-21,1.6709,1.6709,,,1,-0.57,限制大额申购,开放赎回,,,,
84,2025-04-18,1.6805,1.6805,,,1,0.30,限制大额申购,开放赎回,,,,
85,2025-04-17,1.6754,1.6754,,,1,2.06,限制大额申购,开放赎回,,,,
86,2025-04-16,1.6416,1.6416,,,1,-0.55,限制大额申购,开放赎回,,,,
87,2025-04-15,1.6507,1.6507,,,1,1.46,限制大额申购,开放赎回,,,,
88,2025-04-14,1.6270,1.6270,,,1,1.25,限制大额申购,开放赎回,,,,
89,2025-04-11,1.6069,1.6069,,,1,-1.26,限制大额申购,开放赎回,,,,
90,2025-04-10,1.6274,1.6274,,,1,6.67,限制大额申购,开放赎回,,,,
91,2025-04-09,1.5256,1.5256,,,1,-1.84,限制大额申购,开放赎回,,,,
92,2025-04-08,1.5542,1.5542,,,1,4.41,限制大额申购,开放赎回,,,,
93,2025-04-07,1.4886,1.4886,,,1,-8.70,限制大额申购,开放赎回,,,,
94,2025-04-03,1.6304,1.6304,,,1,-1.85,限制大额申购,开放赎回,,,,
95,2025-04-02,1.6611,1.6611,,,1,-0.07,限制大额申购,开放赎回,,,,
96,2025-04-01,1.6623,1.6623,,,1,-0.22,限制大额申购,开放赎回,,,,
97,2025-03-31,1.6660,1.6660,,,1,-2.46,限制大额申购,开放赎回,,,,
98,2025-03-28,1.7080,1.7080,,,1,-1.67,限制大额申购,开放赎回,,,,
99,2025-03-27,1.7370,1.7370,,,1,-0.06,限制大额申购,开放赎回,,,,
100,2025-03-26,1.7381,1.7381,,,1,1.19,限制大额申购,开放赎回,,,,
101,2025-03-25,1.7176,1.7176,,,1,-0.48,限制大额申购,开放赎回,,,,
102,2025-03-24,1.7259,1.7259,,,1,-0.89,限制大额申购,开放赎回,,,,
103,2025-03-21,1.7414,1.7414,,,1,0.37,限制大额申购,开放赎回,,,,
104,2025-03-20,1.7350,1.7350,,,1,0.58,暂停申购,暂停赎回,,,,
105,2025-03-19,1.7250,1.7250,,,1,0.49,限制大额申购,开放赎回,,,,
106,2025-03-18,1.7166,1.7166,,,1,1.05,限制大额申购,开放赎回,,,,
107,2025-03-17,1.6988,1.6988,,,1,0.40,限制大额申购,开放赎回,,,,
108,2025-03-14,1.6920,1.6920,,,1,0.67,限制大额申购,开放赎回,,,,
109,2025-03-13,1.6808,1.6808,,,1,0.11,限制大额申购,开放赎回,,,,
110,2025-03-12,1.6790,1.6790,,,1,0.10,限制大额申购,开放赎回,,,,
111,2025-03-11,1.6773,1.6773,,,1,-0.40,限制大额申购,开放赎回,,,,
112,2025-03-10,1.6841,1.6841,,,1,-0.21,限制大额申购,开放赎回,,,,
113,2025-03-07,1.6876,1.6876,,,1,-1.37,限制大额申购,开放赎回,,,,
114,2025-03-06,1.7111,1.7111,,,1,1.31,限制大额申购,开放赎回,,,,
115,2025-03-05,1.6889,1.6889,,,1,-0.44,限制大额申购,开放赎回,,,,
116,2025-03-04,1.6964,1.6964,,,1,-0.05,限制大额申购,开放赎回,,,,
117,2025-03-03,1.6973,1.6973,,,1,0.78,限制大额申购,开放赎回,,,,
118,2025-02-28,1.6841,1.6841,,,1,-2.12,限制大额申购,开放赎回,,,,
119,2025-02-27,1.7205,1.7205,,,1,0.48,限制大额申购,开放赎回,,,,
120,2025-02-26,1.7123,1.7123,,,1,0.12,限制大额申购,开放赎回,,,,
121,2025-02-25,1.7102,1.7102,,,1,-0.94,限制大额申购,开放赎回,,,,
122,2025-02-24,1.7264,1.7264,,,1,0.19,暂停申购,暂停赎回,,,,
123,2025-02-21,1.7232,1.7232,,,1,0.90,限制大额申购,开放赎回,,,,
124,2025-02-20,1.7078,1.7078,,,1,-0.70,限制大额申购,开放赎回,,,,
125,2025-02-19,1.7199,1.7199,,,1,-0.27,限制大额申购,开放赎回,,,,
126,2025-02-18,1.7246,1.7246,,,1,0.46,限制大额申购,开放赎回,,,,
127,2025-02-17,1.7167,1.7167,,,1,0.79,限制大额申购,开放赎回,,,,
128,2025-02-14,1.7033,1.7033,,,1,0.33,限制大额申购,开放赎回,,,,
129,2025-02-13,1.6977,1.6977,,,1,0.33,开放申购,开放赎回,,,,
130,2025-02-12,1.6921,1.6921,,,1,-1.07,限制大额申购,开放赎回,,,,
131,2025-02-11,1.7104,1.7104,,,1,-0.12,暂停申购,暂停赎回,,,,
132,2025-02-10,1.7124,1.7124,,,1,-0.08,限制大额申购,开放赎回,,,,
133,2025-02-07,1.7137,1.7137,,,1,0.52,限制大额申购,开放赎回,,,,
134,2025-02-06,1.7048,1.7048,,,1,1.33,限制大额申购,开放赎回,,,,
135,2025-02-05,1.6824,1.6824,,,1,0.66,限制大额申购,开放赎回,,,,
136,2025-01-27,1.6714,1.6714,,,1,-0.08,限制大额申购,开放赎回,,,,
137,2025-01-24,1.6728,1.6728,,,1,0.14,限制大额申购,开放赎回,,,,
138,2025-01-23,1.6705,1.6705,,,1,0.13,限制大额申购,开放赎回,,,,
139,2025-01-22,1.6684,1.6684,,,1,0.65,限制大额申购,开放赎回,,,,
140,2025-01-21,1.6576,1.6576,,,1,0.33,限制大额申购,开放赎回,,,,
141,2025-01-20,1.6521,1.6521,,,1,0.60,限制大额申购,开放赎回,,,,
142,2025-01-17,1.6422,1.6422,,,1,0.33,限制大额申购,开放赎回,,,,
143,2025-01-16,1.6368,1.6368,,,1,0.90,限制大额申购,开放赎回,,,,
144,2025-01-15,1.6222,1.6222,,,1,-0.30,限制大额申购,开放赎回,,,,
145,2025-01-14,1.6270,1.6270,,,1,-1.15,限制大额申购,开放赎回,,,,
146,2025-01-13,1.6459,1.6459,,,1,0.19,暂停申购,暂停赎回,,,,
147,2025-01-10,1.6427,1.6427,,,1,-0.45,限制大额申购,开放赎回,,,,
148,2025-01-09,1.6501,1.6501,,,1,-1.20,限制大额申购,开放赎回,,,,
149,2025-01-08,1.6702,1.6702,,,1,-0.93,限制大额申购,开放赎回,,,,
150,2025-01-07,1.6859,1.6859,,,1,1.08,限制大额申购,开放赎回,,,,
151,2025-01-06,1.6679,1.6679,,,1,-0.77,限制大额申购,开放赎回,,,,
152,2025-01-03,1.6809,1.6809,,,1,-0.12,暂停申购,暂停赎回,,,,
153,2025-01-02,1.6829,1.6829,,,1,-0.23,暂停申购,暂停赎回,,,,
154,2024-12-31,1.6868,1.6868,,,1,0.56,暂停申购,暂停赎回,,,,
155,2024-12-30,1.6774,1.6774,,,1,-0.64,限制大额申购,开放赎回,,,,
156,2024-12-27,1.6882,1.6882,,,1,1.03,限制大额申购,开放赎回,,,,
157,2024-12-26,1.6710,1.6710,,,1,0.88,限制大额申购,开放赎回,,,,
158,2024-12-25,1.6565,1.6565,,,1,-0.01,限制大额申购,开放赎回,,,,
159,2024-12-24,1.6566,1.6566,,,1,-0.46,限制大额申购,开放赎回,,,,
160,2024-12-23,1.6642,1.6642,,,1,1.24,限制大额申购,开放赎回,,,,
161,2024-12-20,1.6438,1.6438,,,1,-2.46,限制大额申购,开放赎回,,,,
162,2024-12-19,1.6852,1.6852,,,1,-0.84,限制大额申购,开放赎回,,,,
163,2024-12-18,1.6994,1.6994,,,1,-0.04,限制大额申购,开放赎回,,,,
164,2024-12-17,1.7000,1.7000,,,1,-0.72,限制大额申购,开放赎回,,,,
165,2024-12-16,1.7123,1.7123,,,1,-0.94,限制大额申购,开放赎回,,,,
166,2024-12-13,1.7286,1.7286,,,1,-1.16,限制大额申购,开放赎回,,,,
167,2024-12-12,1.7489,1.7489,,,1,0.66,限制大额申购,开放赎回,,,,
168,2024-12-11,1.7375,1.7375,,,1,-0.13,限制大额申购,开放赎回,,,,
169,2024-12-10,1.7397,1.7397,,,1,-0.61,限制大额申购,开放赎回,,,,
170,2024-12-09,1.7504,1.7504,,,1,0.72,限制大额申购,开放赎回,,,,
171,2024-12-06,1.7379,1.7379,,,1,-0.89,限制大额申购,开放赎回,,,,
172,2024-12-05,1.7535,1.7535,,,1,-0.52,限制大额申购,开放赎回,,,,
173,2024-12-04,1.7627,1.7627,,,1,-0.07,限制大额申购,开放赎回,,,,
174,2024-12-03,1.7640,1.7640,,,1,2.08,限制大额申购,开放赎回,,,,
175,2024-12-02,1.7281,1.7281,,,1,2.07,限制大额申购,开放赎回,,,,
176,2024-11-29,1.6930,1.6930,,,1,-0.24,限制大额申购,开放赎回,,,,
177,2024-11-28,1.6970,1.6970,,,1,1.95,限制大额申购,开放赎回,,,,
178,2024-11-27,1.6646,1.6646,,,1,0.04,限制大额申购,开放赎回,,,,
179,2024-11-26,1.6639,1.6639,,,1,-0.84,限制大额申购,开放赎回,,,,
180,2024-11-25,1.6780,1.6780,,,1,0.65,限制大额申购,开放赎回,,,,
181,2024-11-22,1.6671,1.6671,,,1,1.26,限制大额申购,开放赎回,,,,
182,2024-11-21,1.6463,1.6463,,,1,-1.04,限制大额申购,开放赎回,,,,
183,2024-11-20,1.6636,1.6636,,,1,-0.57,限制大额申购,开放赎回,,,,
184,2024-11-19,1.6732,1.6732,,,1,0.88,限制大额申购,开放赎回,,,,
185,2024-11-18,1.6586,1.6586,,,1,0.24,限制大额申购,开放赎回,,,,
186,2024-11-15,1.6546,1.6546,,,1,-0.02,限制大额申购,开放赎回,,,,
187,2024-11-14,1.6549,1.6549,,,1,-1.39,限制大额申购,开放赎回,,,,
188,2024-11-13,1.6782,1.6782,,,1,-1.35,限制大额申购,开放赎回,,,,
189,2024-11-12,1.7012,1.7012,,,1,-0.46,限制大额申购,开放赎回,,,,
190,2024-11-11,1.7090,1.7090,,,1,0.82,限制大额申购,开放赎回,,,,
191,2024-11-08,1.6951,1.6951,,,1,0.98,限制大额申购,开放赎回,,,,
192,2024-11-07,1.6786,1.6786,,,1,0.31,限制大额申购,开放赎回,,,,
193,2024-11-06,1.6734,1.6734,,,1,2.58,限制大额申购,开放赎回,,,,
194,2024-11-05,1.6313,1.6313,,,1,,限制大额申购,开放赎回,,,,
195,2024-11-01,1.6231,1.6231,,,1,-1.56,限制大额申购,开放赎回,,,,
196,2024-10-31,1.6489,1.6489,,,1,-0.38,限制大额申购,开放赎回,,,,
197,2024-10-30,1.6552,1.6552,,,1,1.19,限制大额申购,开放赎回,,,,
198,2024-10-29,1.6357,1.6357,,,1,0.50,限制大额申购,开放赎回,,,,
199,2024-10-28,1.6276,1.6276,,,1,0.99,限制大额申购,开放赎回,,,,
200,2024-10-25,1.6117,1.6117,,,1,-0.41,限制大额申购,开放赎回,,,,
201,2024-10-24,1.6184,1.6184,,,1,-0.86,限制大额申购,开放赎回,,,,
202,2024-10-23,1.6324,1.6324,,,1,-0.96,限制大额申购,开放赎回,,,,
203,2024-10-22,1.6482,1.6482,,,1,-1.69,限制大额申购,开放赎回,,,,
204,2024-10-21,1.6766,1.6766,,,1,-0.10,限制大额申购,开放赎回,,,,
205,2024-10-18,1.6783,1.6783,,,1,-0.33,限制大额申购,开放赎回,,,,
206,2024-10-17,1.6839,1.6839,,,1,-0.58,限制大额申购,开放赎回,,,,
207,2024-10-16,1.6937,1.6937,,,1,-0.36,限制大额申购,开放赎回,,,,
208,2024-10-15,1.6998,1.6998,,,1,,限制大额申购,开放赎回,,,,
209,2024-10-11,1.6960,1.6960,,,1,0.55,限制大额申购,开放赎回,,,,
210,2024-10-10,1.6867,1.6867,,,1,-0.21,限制大额申购,开放赎回,,,,
211,2024-10-09,1.6902,1.6902,,,1,0.05,限制大额申购,开放赎回,,,,
212,2024-10-08,1.6894,1.6894,,,1,-0.78,限制大额申购,开放赎回,,,,
213,2024-09-30,1.7026,1.7026,,,1,-2.12,限制大额申购,开放赎回,,,,
214,2024-09-27,1.7394,1.7394,,,1,0.88,限制大额申购,开放赎回,,,,
215,2024-09-26,1.7243,1.7243,,,1,2.19,限制大额申购,开放赎回,,,,
216,2024-09-25,1.6873,1.6873,,,1,-0.60,限制大额申购,开放赎回,,,,
217,2024-09-24,1.6974,1.6974,,,1,,限制大额申购,开放赎回,,,,
218,2024-09-20,1.6956,1.6956,,,1,0.44,限制大额申购,开放赎回,,,,
219,2024-09-19,1.6882,1.6882,,,1,2.02,限制大额申购,开放赎回,,,,
220,2024-09-18,1.6547,1.6547,,,1,-1.20,限制大额申购,开放赎回,,,,
221,2024-09-13,1.6748,1.6748,,,1,-0.25,限制大额申购,开放赎回,,,,
222,2024-09-12,1.6790,1.6790,,,1,2.52,限制大额申购,开放赎回,,,,
223,2024-09-11,1.6377,1.6377,,,1,-0.84,限制大额申购,开放赎回,,,,
224,2024-09-10,1.6516,1.6516,,,1,-0.44,限制大额申购,开放赎回,,,,
225,2024-09-09,1.6589,1.6589,,,1,0.19,限制大额申购,开放赎回,,,,
226,2024-09-06,1.6557,1.6557,,,1,-1.15,限制大额申购,开放赎回,,,,
227,2024-09-05,1.6750,1.6750,,,1,0.37,限制大额申购,开放赎回,,,,
228,2024-09-04,1.6689,1.6689,,,1,-2.64,限制大额申购,开放赎回,,,,
229,2024-09-03,1.7142,1.7142,,,1,0.30,限制大额申购,开放赎回,,,,
230,2024-09-02,1.7091,1.7091,,,1,-0.81,限制大额申购,开放赎回,,,,
231,2024-08-30,1.7231,1.7231,,,1,-0.02,限制大额申购,开放赎回,,,,
232,2024-08-29,1.7234,1.7234,,,1,-0.11,限制大额申购,开放赎回,,,,
233,2024-08-28,1.7253,1.7253,,,1,0.82,限制大额申购,开放赎回,,,,
234,2024-08-27,1.7112,1.7112,,,1,0.09,限制大额申购,开放赎回,,,,
235,2024-08-26,1.7097,1.7097,,,1,0.54,限制大额申购,开放赎回,,,,
236,2024-08-23,1.7006,1.7006,,,1,-0.05,限制大额申购,开放赎回,,,,
237,2024-08-22,1.7015,1.7015,,,1,0.32,限制大额申购,开放赎回,,,,
238,2024-08-21,1.6961,1.6961,,,1,0.89,限制大额申购,开放赎回,,,,
239,2024-08-20,1.6812,1.6812,,,1,1.82,限制大额申购,开放赎回,,,,
240,2024-08-19,1.6512,1.6512,,,1,-1.01,限制大额申购,开放赎回,,,,
241,2024-08-16,1.6681,1.6681,,,1,2.08,限制大额申购,开放赎回,,,,
242,2024-08-15,1.6341,1.6341,,,1,-0.34,限制大额申购,开放赎回,,,,
243,2024-08-14,1.6396,1.6396,,,1,0.68,限制大额申购,开放赎回,,,,
244,2024-08-13,1.6286,1.6286,,,1,,限制大额申购,开放赎回,,,,
245,2024-08-09,1.5707,1.5707,,,1,0.36,限制大额申购,开放赎回,,,,
246,2024-08-08,1.5650,1.5650,,,1,-2.52,限制大额申购,开放赎回,,,,
247,2024-08-07,1.6055,1.6055,,,1,2.61,限制大额申购,开放赎回,,,,
248,2024-08-06,1.5646,1.5646,,,1,11.55,限制大额申购,开放赎回,,,,
249,2024-08-05,1.4026,1.4026,,,1,-10.62,限制大额申购,开放赎回,,,,
250,2024-08-02,1.5692,1.5692,,,1,-6.23,限制大额申购,开放赎回,,,,
251,2024-08-01,1.6734,1.6734,,,1,-0.91,限制大额申购,开放赎回,,,,
252,2024-07-31,1.6887,1.6887,,,1,2.05,限制大额申购,开放赎回,,,,
253,2024-07-30,1.6547,1.6547,,,1,0.16,限制大额申购,开放赎回,,,,
254,2024-07-29,1.6521,1.6521,,,1,2.41,限制大额申购,开放赎回,,,,
255,2024-07-26,1.6133,1.6133,,,1,-0.55,限制大额申购,开放赎回,,,,
256,2024-07-25,1.6223,1.6223,,,1,-2.35,限制大额申购,开放赎回,,,,
257,2024-07-24,1.6614,1.6614,,,1,-0.60,限制大额申购,开放赎回,,,,
258,2024-07-23,1.6714,1.6714,,,1,0.42,限制大额申购,开放赎回,,,,
259,2024-07-22,1.6644,1.6644,,,1,-1.52,限制大额申购,开放赎回,,,,
260,2024-07-19,1.6901,1.6901,,,1,-0.69,限制大额申购,开放赎回,,,,
261,2024-07-18,1.7018,1.7018,,,1,-0.36,限制大额申购,开放赎回,,,,
262,2024-07-17,1.7080,1.7080,,,1,0.39,限制大额申购,开放赎回,,,,
263,2024-07-16,1.7013,1.7013,,,1,,限制大额申购,开放赎回,,,,
264,2024-07-12,1.6898,1.6898,,,1,0.23,限制大额申购,开放赎回,,,,
265,2024-07-11,1.6859,1.6859,,,1,0.27,限制大额申购,开放赎回,,,,
266,2024-07-10,1.6814,1.6814,,,1,0.63,限制大额申购,开放赎回,,,,
267,2024-07-09,1.6708,1.6708,,,1,1.45,限制大额申购,开放赎回,,,,
268,2024-07-08,1.6469,1.6469,,,1,-0.24,限制大额申购,开放赎回,,,,
269,2024-07-05,1.6508,1.6508,,,1,-0.07,限制大额申购,开放赎回,,,,
270,2024-07-04,1.6520,1.6520,,,1,0.76,限制大额申购,开放赎回,,,,
271,2024-07-03,1.6396,1.6396,,,1,0.32,限制大额申购,开放赎回,,,,
272,2024-07-02,1.6343,1.6343,,,1,0.99,限制大额申购,开放赎回,,,,
273,2024-07-01,1.6182,1.6182,,,1,0.44,限制大额申购,开放赎回,,,,
274,2024-06-30,1.6111,1.6111,,,0,-0.01,限制大额申购,开放赎回,,,,
275,2024-06-28,1.6112,1.6112,,,1,0.73,限制大额申购,开放赎回,,,,
276,2024-06-27,1.5996,1.5996,,,1,-0.57,限制大额申购,开放赎回,,,,
277,2024-06-26,1.6088,1.6088,,,1,1.04,限制大额申购,开放赎回,,,,
278,2024-06-25,1.5923,1.5923,,,1,1.97,限制大额申购,开放赎回,,,,
279,2024-06-24,1.5616,1.5616,,,1,-0.36,限制大额申购,开放赎回,,,,
280,2024-06-21,1.5672,1.5672,,,1,-0.57,限制大额申购,开放赎回,,,,
281,2024-06-20,1.5762,1.5762,,,1,0.03,限制大额申购,开放赎回,,,,
282,2024-06-19,1.5758,1.5758,,,1,0.63,限制大额申购,开放赎回,,,,
283,2024-06-18,1.5660,1.5660,,,1,0.42,限制大额申购,开放赎回,,,,
284,2024-06-17,1.5594,1.5594,,,1,-1.89,限制大额申购,开放赎回,,,,
285,2024-06-14,1.5894,1.5894,,,1,0.14,限制大额申购,开放赎回,,,,
286,2024-06-13,1.5871,1.5871,,,1,-0.56,限制大额申购,开放赎回,,,,
287,2024-06-12,1.5960,1.5960,,,1,-0.71,限制大额申购,开放赎回,,,,
288,2024-06-11,1.6074,1.6074,,,1,0.01,限制大额申购,开放赎回,,,,
289,2024-06-07,1.6072,1.6072,,,1,0.16,限制大额申购,开放赎回,,,,
290,2024-06-06,1.6046,1.6046,,,1,-0.32,限制大额申购,开放赎回,,,,
291,2024-06-05,1.6097,1.6097,,,1,-0.70,限制大额申购,开放赎回,,,,
292,2024-06-04,1.6211,1.6211,,,1,0.29,限制大额申购,开放赎回,,,,
293,2024-06-03,1.6164,1.6164,,,1,1.09,限制大额申购,开放赎回,,,,
294,2024-05-31,1.5990,1.5990,,,1,1.83,限制大额申购,开放赎回,,,,
295,2024-05-30,1.5703,1.5703,,,1,-0.80,限制大额申购,开放赎回,,,,
296,2024-05-29,1.5829,1.5829,,,1,-0.81,限制大额申购,开放赎回,,,,
297,2024-05-28,1.5958,1.5958,,,1,0.11,限制大额申购,开放赎回,,,,
298,2024-05-27,1.5940,1.5940,,,1,0.75,限制大额申购,开放赎回,,,,
299,2024-05-24,1.5821,1.5821,,,1,-0.58,限制大额申购,开放赎回,,,,
300,2024-05-23,1.5913,1.5913,,,1,0.33,限制大额申购,开放赎回,,,,
301,2024-05-22,1.5860,1.5860,,,1,-0.60,限制大额申购,开放赎回,,,,
302,2024-05-21,1.5955,1.5955,,,1,-0.08,限制大额申购,开放赎回,,,,
303,2024-05-20,1.5968,1.5968,,,1,0.32,限制大额申购,开放赎回,,,,
304,2024-05-17,1.5917,1.5917,,,1,-0.55,限制大额申购,开放赎回,,,,
305,2024-05-16,1.6005,1.6005,,,1,2.07,限制大额申购,开放赎回,,,,
306,2024-05-15,1.5680,1.5680,,,1,0.11,限制大额申购,开放赎回,,,,
307,2024-05-14,1.5663,1.5663,,,1,-0.30,限制大额申购,开放赎回,,,,
308,2024-05-13,1.5710,1.5710,,,1,-0.41,限制大额申购,开放赎回,,,,
309,2024-05-10,1.5774,1.5774,,,1,0.66,限制大额申购,开放赎回,,,,
310,2024-05-09,1.5670,1.5670,,,1,0.03,限制大额申购,开放赎回,,,,
311,2024-05-08,1.5666,1.5666,,,1,-1.71,限制大额申购,开放赎回,,,,
312,2024-05-07,1.5939,1.5939,,,1,,限制大额申购,开放赎回,,,,
313,2024-04-30,1.5754,1.5754,,,1,,限制大额申购,开放赎回,,,,
314,2024-04-26,1.5475,1.5475,,,1,0.60,限制大额申购,开放赎回,,,,
315,2024-04-25,1.5383,1.5383,,,1,-1.67,限制大额申购,开放赎回,,,,
316,2024-04-24,1.5644,1.5644,,,1,1.94,限制大额申购,开放赎回,,,,
317,2024-04-23,1.5347,1.5347,,,1,0.06,限制大额申购,开放赎回,,,,
318,2024-04-22,1.5338,1.5338,,,1,1.31,限制大额申购,开放赎回,,,,
319,2024-04-19,1.5140,1.5140,,,1,-2.02,限制大额申购,开放赎回,,,,
320,2024-04-18,1.5452,1.5452,,,1,0.53,限制大额申购,开放赎回,,,,
321,2024-04-17,1.5371,1.5371,,,1,-1.25,限制大额申购,开放赎回,,,,
322,2024-04-16,1.5565,1.5565,,,1,-2.30,限制大额申购,开放赎回,,,,
323,2024-04-15,1.5932,1.5932,,,1,-0.26,限制大额申购,开放赎回,,,,
324,2024-04-12,1.5973,1.5973,,,1,0.30,限制大额申购,开放赎回,,,,
325,2024-04-11,1.5926,1.5926,,,1,-0.41,限制大额申购,开放赎回,,,,
326,2024-04-10,1.5991,1.5991,,,1,-0.45,限制大额申购,开放赎回,,,,
327,2024-04-09,1.6063,1.6063,,,1,0.62,限制大额申购,开放赎回,,,,
328,2024-04-08,1.5964,1.5964,,,1,0.35,限制大额申购,开放赎回,,,,
329,2024-04-03,1.5908,1.5908,,,1,-0.31,限制大额申购,开放赎回,,,,
330,2024-04-02,1.5958,1.5958,,,1,-0.30,限制大额申购,开放赎回,,,,
331,2024-04-01,1.6006,1.6006,,,1,-1.57,限制大额申购,开放赎回,,,,
332,2024-03-29,1.6261,1.6261,,,1,0.31,限制大额申购,开放赎回,,,,
333,2024-03-28,1.6211,1.6211,,,1,-0.87,限制大额申购,开放赎回,,,,
334,2024-03-27,1.6353,1.6353,,,1,0.62,限制大额申购,开放赎回,,,,
335,2024-03-26,1.6252,1.6252,,,1,-0.14,限制大额申购,开放赎回,,,,
336,2024-03-25,1.6275,1.6275,,,1,-0.92,限制大额申购,开放赎回,,,,
337,2024-03-22,1.6426,1.6426,,,1,-0.12,限制大额申购,开放赎回,,,,
338,2024-03-21,1.6445,1.6445,,,1,,限制大额申购,开放赎回,,,,
339,2024-03-19,1.6428,1.6428,,,1,0.53,限制大额申购,开放赎回,,,,
340,2024-03-18,1.6341,1.6341,,,1,1.28,限制大额申购,开放赎回,,,,
341,2024-03-15,1.6135,1.6135,,,1,-0.12,限制大额申购,开放赎回,,,,
342,2024-03-14,1.6155,1.6155,,,1,0.19,限制大额申购,开放赎回,,,,
343,2024-03-13,1.6125,1.6125,,,1,-0.92,限制大额申购,开放赎回,,,,
344,2024-03-12,1.6274,1.6274,,,1,-0.26,限制大额申购,开放赎回,,,,
345,2024-03-11,1.6317,1.6317,,,1,-1.22,限制大额申购,开放赎回,,,,
346,2024-03-08,1.6518,1.6518,,,1,1.40,限制大额申购,开放赎回,,,,
347,2024-03-07,1.6290,1.6290,,,1,0.12,限制大额申购,开放赎回,,,,
348,2024-03-06,1.6271,1.6271,,,1,0.51,限制大额申购,开放赎回,,,,
349,2024-03-05,1.6189,1.6189,,,1,0.20,限制大额申购,开放赎回,,,,
350,2024-03-04,1.6156,1.6156,,,1,-0.06,限制大额申购,开放赎回,,,,
351,2024-03-01,1.6165,1.6165,,,1,1.39,限制大额申购,开放赎回,,,,
352,2024-02-29,1.5944,1.5944,,,1,-0.16,限制大额申购,开放赎回,,,,
353,2024-02-28,1.5970,1.5970,,,1,-0.09,限制大额申购,开放赎回,,,,
354,2024-02-27,1.5985,1.5985,,,1,0.06,开放申购,开放赎回,,,,
355,2024-02-26,1.5975,1.5975,,,1,0.35,开放申购,开放赎回,,,,
356,2024-02-23,1.5919,1.5919,,,1,0.00,暂停申购,暂停赎回,,,,
357,2024-02-22,1.5919,1.5919,,,1,0.70,开放申购,开放赎回,,,,
358,2024-02-21,1.5808,1.5808,,,1,0.03,开放申购,开放赎回,,,,
359,2024-02-20,1.5803,1.5803,,,1,-0.30,开放申购,开放赎回,,,,
360,2024-02-19,1.5850,1.5850,,,1,1.08,开放申购,开放赎回,,,,
361,2024-02-08,1.5680,1.5680,,,1,0.19,开放申购,开放赎回,,,,
362,2024-02-07,1.5651,1.5651,,,1,0.53,开放申购,开放赎回,,,,
363,2024-02-06,1.5568,1.5568,,,1,-0.85,开放申购,开放赎回,,,,
364,2024-02-05,1.5702,1.5702,,,1,-0.74,开放申购,开放赎回,,,,
365,2024-02-02,1.5819,1.5819,,,1,0.50,开放申购,开放赎回,,,,
366,2024-02-01,1.5740,1.5740,,,1,0.04,开放申购,开放赎回,,,,
367,2024-01-31,1.5734,1.5734,,,1,0.56,开放申购,开放赎回,,,,
368,2024-01-30,1.5646,1.5646,,,1,0.57,开放申购,开放赎回,,,,
369,2024-01-29,1.5557,1.5557,,,1,0.68,开放申购,开放赎回,,,,
370,2024-01-26,1.5452,1.5452,,,1,-1.08,开放申购,开放赎回,,,,
371,2024-01-25,1.5621,1.5621,,,1,0.31,开放申购,开放赎回,,,,
372,2024-01-24,1.5572,1.5572,,,1,-0.52,开放申购,开放赎回,,,,
373,2024-01-23,1.5654,1.5654,,,1,-0.02,开放申购,开放赎回,,,,
374,2024-01-22,1.5657,1.5657,,,1,1.10,开放申购,开放赎回,,,,
375,2024-01-19,1.5487,1.5487,,,1,0.84,开放申购,开放赎回,,,,
376,2024-01-18,1.5358,1.5358,,,1,-0.86,开放申购,开放赎回,,,,
377,2024-01-17,1.5491,1.5491,,,1,-0.97,开放申购,开放赎回,,,,
378,2024-01-16,1.5642,1.5642,,,1,-1.31,开放申购,开放赎回,,,,
379,2024-01-15,1.5850,1.5850,,,1,1.06,开放申购,开放赎回,,,,
380,2024-01-12,1.5684,1.5684,,,1,0.98,开放申购,开放赎回,,,,
381,2024-01-11,1.5532,1.5532,,,1,0.68,开放申购,开放赎回,,,,
382,2024-01-10,1.5427,1.5427,,,1,0.94,开放申购,开放赎回,,,,
383,2024-01-09,1.5284,1.5284,,,1,,开放申购,开放赎回,,,,
384,2024-01-05,1.5161,1.5161,,,1,-1.01,开放申购,开放赎回,,,,
385,2024-01-04,1.5315,1.5315,,,1,-0.70,开放申购,开放赎回,,,,
386,2024-01-03,1.5423,1.5423,,,1,-0.37,暂停申购,暂停赎回,,,,
387,2024-01-02,1.5480,1.5480,,,1,0.10,暂停申购,暂停赎回,,,,
388,2023-12-31,1.5464,1.5464,,,0,-0.01,开放申购,开放赎回,,,,
389,2023-12-29,1.5466,1.5466,,,1,0.08,开放申购,开放赎回,,,,
390,2023-12-28,1.5453,1.5453,,,1,0.53,开放申购,开放赎回,,,,
391,2023-12-27,1.5371,1.5371,,,1,0.88,开放申购,开放赎回,,,,
392,2023-12-26,1.5237,1.5237,,,1,0.20,开放申购,开放赎回,,,,
393,2023-12-25,1.5207,1.5207,,,1,-0.06,开放申购,开放赎回,,,,
394,2023-12-22,1.5216,1.5216,,,1,1.20,开放申购,开放赎回,,,,
395,2023-12-21,1.5035,1.5035,,,1,-0.46,开放申购,开放赎回,,,,
396,2023-12-20,1.5104,1.5104,,,1,-0.02,开放申购,开放赎回,,,,
397,2023-12-19,1.5107,1.5107,,,1,0.47,开放申购,开放赎回,,,,
398,2023-12-18,1.5036,1.5036,,,1,-0.61,开放申购,开放赎回,,,,
399,2023-12-15,1.5128,1.5128,,,1,0.68,开放申购,开放赎回,,,,
400,2023-12-14,1.5026,1.5026,,,1,0.71,开放申购,开放赎回,,,,
401,2023-12-13,1.4920,1.4920,,,1,0.44,开放申购,开放赎回,,,,
402,2023-12-12,1.4855,1.4855,,,1,-0.73,开放申购,开放赎回,,,,
403,2023-12-11,1.4964,1.4964,,,1,0.74,开放申购,开放赎回,,,,
404,2023-12-08,1.4854,1.4854,,,1,0.42,开放申购,开放赎回,,,,
405,2023-12-07,1.4792,1.4792,,,1,-1.33,开放申购,开放赎回,,,,
406,2023-12-06,1.4991,1.4991,,,1,2.08,开放申购,开放赎回,,,,
407,2023-12-05,1.4685,1.4685,,,1,-1.25,开放申购,开放赎回,,,,
408,2023-12-04,1.4871,1.4871,,,1,0.09,开放申购,开放赎回,,,,
409,2023-12-01,1.4857,1.4857,,,1,-0.34,开放申购,开放赎回,,,,
410,2023-11-30,1.4907,1.4907,,,1,0.40,开放申购,开放赎回,,,,
411,2023-11-29,1.4847,1.4847,,,1,0.01,开放申购,开放赎回,,,,
412,2023-11-28,1.4845,1.4845,,,1,0.47,开放申购,开放赎回,,,,
413,2023-11-27,1.4776,1.4776,,,1,-0.32,开放申购,开放赎回,,,,
414,2023-11-24,1.4823,1.4823,,,1,,开放申购,开放赎回,,,,
415,2023-11-22,1.4926,1.4926,,,1,0.32,开放申购,开放赎回,,,,
416,2023-11-21,1.4878,1.4878,,,1,0.35,开放申购,开放赎回,,,,
417,2023-11-20,1.4826,1.4826,,,1,0.01,开放申购,开放赎回,,,,
418,2023-11-17,1.4825,1.4825,,,1,1.26,开放申购,开放赎回,,,,
419,2023-11-16,1.4640,1.4640,,,1,-0.30,开放申购,开放赎回,,,,
420,2023-11-15,1.4684,1.4684,,,1,2.18,开放申购,开放赎回,,,,
421,2023-11-14,1.4371,1.4371,,,1,0.28,开放申购,开放赎回,,,,
422,2023-11-13,1.4331,1.4331,,,1,-0.29,开放申购,开放赎回,,,,
423,2023-11-10,1.4373,1.4373,,,1,-0.37,开放申购,开放赎回,,,,
424,2023-11-09,1.4427,1.4427,,,1,0.55,开放申购,开放赎回,,,,
425,2023-11-08,1.4348,1.4348,,,1,-1.17,开放申购,开放赎回,,,,
426,2023-11-07,1.4518,1.4518,,,1,-1.50,开放申购,开放赎回,,,,
427,2023-11-06,1.4739,1.4739,,,1,2.22,开放申购,开放赎回,,,,
428,2023-11-03,1.4419,1.4419,,,1,0.00,暂停申购,暂停赎回,,,,
429,2023-11-02,1.4419,1.4419,,,1,0.52,开放申购,开放赎回,,,,
430,2023-11-01,1.4344,1.4344,,,1,1.20,开放申购,开放赎回,,,,
431,2023-10-31,1.4174,1.4174,,,1,1.01,开放申购,开放赎回,,,,
432,2023-10-30,1.4032,1.4032,,,1,-0.16,开放申购,开放赎回,,,,
433,2023-10-27,1.4054,1.4054,,,1,1.07,开放申购,开放赎回,,,,
434,2023-10-26,1.3905,1.3905,,,1,-1.52,开放申购,开放赎回,,,,
435,2023-10-25,1.4119,1.4119,,,1,0.66,开放申购,开放赎回,,,,
436,2023-10-24,1.4027,1.4027,,,1,0.35,开放申购,开放赎回,,,,
437,2023-10-23,1.3978,1.3978,,,1,-0.87,开放申购,开放赎回,,,,
438,2023-10-20,1.4101,1.4101,,,1,-0.37,开放申购,开放赎回,,,,
439,2023-10-19,1.4153,1.4153,,,1,-1.65,开放申购,开放赎回,,,,
440,2023-10-18,1.4390,1.4390,,,1,-0.03,开放申购,开放赎回,,,,
441,2023-10-17,1.4395,1.4395,,,1,0.92,开放申购,开放赎回,,,,
442,2023-10-16,1.4264,1.4264,,,1,-1.33,开放申购,开放赎回,,,,
443,2023-10-13,1.4457,1.4457,,,1,-1.71,开放申购,开放赎回,,,,
444,2023-10-12,1.4708,1.4708,,,1,1.39,开放申购,开放赎回,,,,
445,2023-10-11,1.4507,1.4507,,,1,-0.36,开放申购,开放赎回,,,,
446,2023-10-10,1.4559,1.4559,,,1,,开放申购,开放赎回,,,,
447,2023-09-28,1.4678,1.4678,,,1,-0.84,开放申购,开放赎回,,,,
448,2023-09-27,1.4803,1.4803,,,1,0.09,开放申购,开放赎回,,,,
449,2023-09-26,1.4790,1.4790,,,1,-0.88,开放申购,开放赎回,,,,
450,2023-09-25,1.4921,1.4921,,,1,-0.17,开放申购,开放赎回,,,,
451,2023-09-22,1.4947,1.4947,,,1,0.13,开放申购,开放赎回,,,,
452,2023-09-21,1.4927,1.4927,,,1,-1.11,开放申购,开放赎回,,,,
453,2023-09-20,1.5095,1.5095,,,1,-0.81,开放申购,开放赎回,,,,
454,2023-09-19,1.5219,1.5219,,,1,,开放申购,开放赎回,,,,
455,2023-09-15,1.5274,1.5274,,,1,0.44,开放申购,开放赎回,,,,
456,2023-09-14,1.5207,1.5207,,,1,0.70,开放申购,开放赎回,,,,
457,2023-09-13,1.5102,1.5102,,,1,-0.53,开放申购,开放赎回,,,,
458,2023-09-12,1.5182,1.5182,,,1,0.31,开放申购,开放赎回,,,,
459,2023-09-11,1.5135,1.5135,,,1,-0.32,开放申购,开放赎回,,,,
460,2023-09-08,1.5184,1.5184,,,1,-0.53,开放申购,开放赎回,,,,
461,2023-09-07,1.5265,1.5265,,,1,-0.64,开放申购,开放赎回,,,,
462,2023-09-06,1.5363,1.5363,,,1,0.44,开放申购,开放赎回,,,,
463,2023-09-05,1.5296,1.5296,,,1,-0.16,开放申购,开放赎回,,,,
464,2023-09-04,1.5321,1.5321,,,1,0.08,开放申购,开放赎回,,,,
465,2023-09-01,1.5308,1.5308,,,1,1.22,开放申购,开放赎回,,,,
466,2023-08-31,1.5123,1.5123,,,1,0.69,开放申购,开放赎回,,,,
467,2023-08-30,1.5020,1.5020,,,1,0.60,开放申购,开放赎回,,,,
468,2023-08-29,1.4930,1.4930,,,1,0.03,开放申购,开放赎回,,,,
469,2023-08-28,1.4926,1.4926,,,1,1.15,开放申购,开放赎回,,,,
470,2023-08-25,1.4756,1.4756,,,1,-1.61,开放申购,开放赎回,,,,
471,2023-08-24,1.4997,1.4997,,,1,0.73,开放申购,开放赎回,,,,
472,2023-08-23,1.4889,1.4889,,,1,0.86,开放申购,开放赎回,,,,
473,2023-08-22,1.4762,1.4762,,,1,0.51,开放申购,开放赎回,,,,
474,2023-08-21,1.4687,1.4687,,,1,-0.19,开放申购,开放赎回,,,,
475,2023-08-18,1.4715,1.4715,,,1,-0.08,开放申购,开放赎回,,,,
476,2023-08-17,1.4727,1.4727,,,1,-0.20,开放申购,开放赎回,,,,
477,2023-08-16,1.4757,1.4757,,,1,-0.92,开放申购,开放赎回,,,,
478,2023-08-15,1.4894,1.4894,,,1,0.28,开放申购,开放赎回,,,,
479,2023-08-14,1.4852,1.4852,,,1,-1.33,开放申购,开放赎回,,,,
480,2023-08-11,1.5052,1.5052,,,1,0.00,暂停申购,暂停赎回,,,,
481,2023-08-10,1.5052,1.5052,,,1,-0.15,开放申购,开放赎回,,,,
482,2023-08-09,1.5074,1.5074,,,1,-0.43,开放申购,开放赎回,,,,
483,2023-08-08,1.5139,1.5139,,,1,0.05,开放申购,开放赎回,,,,
484,2023-08-07,1.5132,1.5132,,,1,0.39,开放申购,开放赎回,,,,
485,2023-08-04,1.5073,1.5073,,,1,-0.08,开放申购,开放赎回,,,,
486,2023-08-03,1.5085,1.5085,,,1,-1.32,开放申购,开放赎回,,,,
487,2023-08-02,1.5287,1.5287,,,1,-1.71,开放申购,开放赎回,,,,
488,2023-08-01,1.5553,1.5553,,,1,-0.61,开放申购,开放赎回,,,,
489,2023-07-31,1.5648,1.5648,,,1,0.14,开放申购,开放赎回,,,,
490,2023-07-28,1.5626,1.5626,,,1,1.01,开放申购,开放赎回,,,,
491,2023-07-27,1.5469,1.5469,,,1,0.97,开放申购,开放赎回,,,,
492,2023-07-26,1.5321,1.5321,,,1,-0.66,开放申购,开放赎回,,,,
493,2023-07-25,1.5423,1.5423,,,1,0.57,开放申购,开放赎回,,,,
494,2023-07-24,1.5335,1.5335,,,1,-0.79,开放申购,开放赎回,,,,
495,2023-07-21,1.5457,1.5457,,,1,-0.89,开放申购,开放赎回,,,,
496,2023-07-20,1.5596,1.5596,,,1,-0.86,开放申购,开放赎回,,,,
497,2023-07-19,1.5731,1.5731,,,1,0.89,开放申购,开放赎回,,,,
498,2023-07-18,1.5592,1.5592,,,1,0.54,开放申购,开放赎回,,,,
499,2023-07-17,1.5509,1.5509,,,1,0.00,暂停申购,暂停赎回,,,,
500,2023-07-14,1.5509,1.5509,,,1,0.03,开放申购,开放赎回,,,,
501,2023-07-13,1.5505,1.5505,,,1,1.90,开放申购,开放赎回,,,,
502,2023-07-12,1.5216,1.5216,,,1,-0.40,开放申购,开放赎回,,,,
503,2023-07-11,1.5277,1.5277,,,1,0.49,开放申购,开放赎回,,,,
504,2023-07-10,1.5203,1.5203,,,1,0.11,开放申购,开放赎回,,,,
505,2023-07-07,1.5186,1.5186,,,1,-0.71,开放申购,开放赎回,,,,
506,2023-07-06,1.5295,1.5295,,,1,-0.98,开放申购,开放赎回,,,,
507,2023-07-05,1.5447,1.5447,,,1,-0.25,开放申购,开放赎回,,,,
508,2023-07-04,1.5485,1.5485,,,1,-1.05,开放申购,开放赎回,,,,
509,2023-07-03,1.5649,1.5649,,,1,1.71,开放申购,开放赎回,,,,
510,2023-06-30,1.5386,1.5386,,,1,-0.59,开放申购,开放赎回,,,,
511,2023-06-29,1.5478,1.5478,,,1,0.55,开放申购,开放赎回,,,,
512,2023-06-28,1.5394,1.5394,,,1,1.44,开放申购,开放赎回,,,,
513,2023-06-27,1.5175,1.5175,,,1,-0.07,开放申购,开放赎回,,,,
514,2023-06-26,1.5185,1.5185,,,1,-2.71,开放申购,开放赎回,,,,
515,2023-06-21,1.5608,1.5608,,,1,0.88,开放申购,开放赎回,,,,
516,2023-06-20,1.5472,1.5472,,,1,0.14,开放申购,开放赎回,,,,
517,2023-06-19,1.5451,1.5451,,,1,-1.50,开放申购,开放赎回,,,,
518,2023-06-16,1.5687,1.5687,,,1,-0.28,开放申购,开放赎回,,,,
519,2023-06-15,1.5731,1.5731,,,1,0.00,开放申购,开放赎回,,,,
520,2023-06-14,1.5731,1.5731,,,1,0.71,开放申购,开放赎回,,,,
521,2023-06-13,1.5620,1.5620,,,1,1.42,开放申购,开放赎回,,,,
522,2023-06-12,1.5402,1.5402,,,1,0.46,开放申购,开放赎回,,,,
523,2023-06-09,1.5332,1.5332,,,1,1.89,开放申购,开放赎回,,,,
524,2023-06-08,1.5048,1.5048,,,1,-0.99,开放申购,开放赎回,,,,
525,2023-06-07,1.5199,1.5199,,,1,-1.31,开放申购,开放赎回,,,,
526,2023-06-06,1.5401,1.5401,,,1,1.32,开放申购,开放赎回,,,,
527,2023-06-05,1.5201,1.5201,,,1,0.74,开放申购,开放赎回,,,,
528,2023-06-02,1.5090,1.5090,,,1,1.36,开放申购,开放赎回,,,,
529,2023-06-01,1.4887,1.4887,,,1,1.46,开放申购,开放赎回,,,,
530,2023-05-31,1.4673,1.4673,,,1,-0.48,开放申购,开放赎回,,,,
531,2023-05-30,1.4744,1.4744,,,1,0.32,开放申购,开放赎回,,,,
532,2023-05-29,1.4697,1.4697,,,1,-0.38,开放申购,开放赎回,,,,
533,2023-05-26,1.4753,1.4753,,,1,0.07,开放申购,开放赎回,,,,
534,2023-05-25,1.4742,1.4742,,,1,-0.72,开放申购,开放赎回,,,,
535,2023-05-24,1.4849,1.4849,,,1,-0.15,开放申购,开放赎回,,,,
536,2023-05-23,1.4871,1.4871,,,1,-0.78,开放申购,开放赎回,,,,
537,2023-05-22,1.4988,1.4988,,,1,0.44,开放申购,开放赎回,,,,
538,2023-05-19,1.4923,1.4923,,,1,0.01,开放申购,开放赎回,,,,
539,2023-05-18,1.4921,1.4921,,,1,1.06,开放申购,开放赎回,,,,
540,2023-05-17,1.4765,1.4765,,,1,0.48,开放申购,开放赎回,,,,
541,2023-05-16,1.4695,1.4695,,,1,0.27,开放申购,开放赎回,,,,
542,2023-05-15,1.4656,1.4656,,,1,0.32,开放申购,开放赎回,,,,
543,2023-05-12,1.4609,1.4609,,,1,1.29,开放申购,开放赎回,,,,
544,2023-05-11,1.4423,1.4423,,,1,0.33,开放申购,开放赎回,,,,
545,2023-05-10,1.4375,1.4375,,,1,-0.67,开放申购,开放赎回,,,,
546,2023-05-09,1.4472,1.4472,,,1,1.13,开放申购,开放赎回,,,,
547,2023-05-08,1.4311,1.4311,,,1,-0.30,开放申购,开放赎回,,,,
548,2023-05-05,1.4354,1.4354,,,1,0.00,暂停申购,暂停赎回,,,,
549,2023-05-04,1.4354,1.4354,,,1,0.00,暂停申购,暂停赎回,,,,
550,2023-04-28,1.4354,1.4354,,,1,0.67,开放申购,开放赎回,,,,
551,2023-04-27,1.4259,1.4259,,,1,0.57,开放申购,开放赎回,,,,
552,2023-04-26,1.4178,1.4178,,,1,-0.09,开放申购,开放赎回,,,,
553,2023-04-25,1.4191,1.4191,,,1,0.11,开放申购,开放赎回,,,,
554,2023-04-24,1.4176,1.4176,,,1,0.23,开放申购,开放赎回,,,,
555,2023-04-21,1.4144,1.4144,,,1,-0.04,开放申购,开放赎回,,,,
556,2023-04-20,1.4150,1.4150,,,1,-0.35,开放申购,开放赎回,,,,
557,2023-04-19,1.4199,1.4199,,,1,0.55,开放申购,开放赎回,,,,
558,2023-04-18,1.4121,1.4121,,,1,0.13,开放申购,开放赎回,,,,
559,2023-04-17,1.4103,1.4103,,,1,-0.21,开放申购,开放赎回,,,,
560,2023-04-14,1.4132,1.4132,,,1,1.76,开放申购,开放赎回,,,,
561,2023-04-13,1.3888,1.3888,,,1,0.06,开放申购,开放赎回,,,,
562,2023-04-12,1.3880,1.3880,,,1,0.38,开放申购,开放赎回,,,,
563,2023-04-11,1.3827,1.3827,,,1,-0.01,开放申购,开放赎回,,,,
564,2023-04-10,1.3828,1.3828,,,1,1.02,开放申购,开放赎回,,,,
565,2023-04-07,1.3689,1.3689,,,1,0.05,开放申购,开放赎回,,,,
566,2023-04-06,1.3682,1.3682,,,1,-2.15,开放申购,开放赎回,,,,
567,2023-04-04,1.3983,1.3983,,,1,0.11,开放申购,开放赎回,,,,
568,2023-04-03,1.3968,1.3968,,,1,-0.01,开放申购,开放赎回,,,,
569,2023-03-31,1.3970,1.3970,,,1,0.64,开放申购,开放赎回,,,,
570,2023-03-30,1.3881,1.3881,,,1,-0.39,开放申购,开放赎回,,,,
571,2023-03-29,1.3935,1.3935,,,1,2.64,开放申购,开放赎回,,,,
572,2023-03-28,1.3576,1.3576,,,1,-0.53,开放申购,开放赎回,,,,
573,2023-03-27,1.3649,1.3649,,,1,1.18,开放申购,开放赎回,,,,
574,2023-03-24,1.3490,1.3490,,,1,-0.87,开放申购,开放赎回,,,,
575,2023-03-23,1.3609,1.3609,,,1,0.86,开放申购,开放赎回,,,,
576,2023-03-22,1.3493,1.3493,,,1,1.77,开放申购,开放赎回,,,,
577,2023-03-21,1.3258,1.3258,,,1,0.00,暂停申购,暂停赎回,,,,
578,2023-03-20,1.3258,1.3258,,,1,-1.43,开放申购,开放赎回,,,,
579,2023-03-17,1.3450,1.3450,,,1,-0.36,开放申购,开放赎回,,,,
580,2023-03-16,1.3499,1.3499,,,1,1.20,开放申购,开放赎回,,,,
581,2023-03-15,1.3339,1.3339,,,1,-1.87,开放申购,开放赎回,,,,
582,2023-03-14,1.3593,1.3593,,,1,-1.74,开放申购,开放赎回,,,,
583,2023-03-13,1.3834,1.3834,,,1,-0.90,开放申购,开放赎回,,,,
584,2023-03-10,1.3960,1.3960,,,1,-1.15,开放申购,开放赎回,,,,
585,2023-03-09,1.4123,1.4123,,,1,0.24,开放申购,开放赎回,,,,
586,2023-03-08,1.4089,1.4089,,,1,-0.14,开放申购,开放赎回,,,,
587,2023-03-07,1.4109,1.4109,,,1,0.95,开放申购,开放赎回,,,,
588,2023-03-06,1.3976,1.3976,,,1,0.95,开放申购,开放赎回,,,,
589,2023-03-03,1.3844,1.3844,,,1,0.64,开放申购,开放赎回,,,,
590,2023-03-02,1.3756,1.3756,,,1,-1.18,开放申购,开放赎回,,,,
591,2023-03-01,1.3920,1.3920,,,1,0.99,开放申购,开放赎回,,,,
592,2023-02-28,1.3783,1.3783,,,1,0.24,开放申购,开放赎回,,,,
593,2023-02-27,1.3750,1.3750,,,1,-0.23,开放申购,开放赎回,,,,
594,2023-02-24,1.3782,1.3782,,,1,1.43,开放申购,开放赎回,,,,
595,2023-02-23,1.3588,1.3588,,,1,0.00,暂停申购,暂停赎回,,,,
596,2023-02-22,1.3588,1.3588,,,1,-1.65,开放申购,开放赎回,,,,
597,2023-02-21,1.3816,1.3816,,,1,0.04,开放申购,开放赎回,,,,
598,2023-02-20,1.3811,1.3811,,,1,0.21,开放申购,开放赎回,,,,
599,2023-02-17,1.3782,1.3782,,,1,-0.69,开放申购,开放赎回,,,,
600,2023-02-16,1.3878,1.3878,,,1,0.43,开放申购,开放赎回,,,,
601,2023-02-15,1.3818,1.3818,,,1,-0.31,开放申购,开放赎回,,,,
602,2023-02-14,1.3861,1.3861,,,1,0.65,开放申购,开放赎回,,,,
603,2023-02-13,1.3772,1.3772,,,1,0.17,开放申购,开放赎回,,,,
604,2023-02-10,1.3749,1.3749,,,1,-0.38,开放申购,开放赎回,,,,
605,2023-02-09,1.3802,1.3802,,,1,0.48,开放申购,开放赎回,,,,
606,2023-02-08,1.3736,1.3736,,,1,0.90,开放申购,开放赎回,,,,
607,2023-02-07,1.3613,1.3613,,,1,-1.20,开放申购,开放赎回,,,,
608,2023-02-06,1.3779,1.3779,,,1,-0.54,开放申购,开放赎回,,,,
609,2023-02-03,1.3854,1.3854,,,1,1.46,开放申购,开放赎回,,,,
610,2023-02-02,1.3655,1.3655,,,1,0.31,开放申购,开放赎回,,,,
611,2023-02-01,1.3613,1.3613,,,1,-0.65,开放申购,开放赎回,,,,
612,2023-01-31,1.3702,1.3702,,,1,-1.39,开放申购,开放赎回,,,,
613,2023-01-30,1.3895,1.3895,,,1,2.93,开放申购,开放赎回,,,,
614,2023-01-20,1.3499,1.3499,,,1,1.13,开放申购,开放赎回,,,,
615,2023-01-19,1.3348,1.3348,,,1,-1.58,开放申购,开放赎回,,,,
616,2023-01-18,1.3562,1.3562,,,1,1.26,开放申购,开放赎回,,,,
617,2023-01-17,1.3393,1.3393,,,1,0.74,开放申购,开放赎回,,,,
618,2023-01-16,1.3294,1.3294,,,1,-0.38,开放申购,开放赎回,,,,
619,2023-01-13,1.3345,1.3345,,,1,0.60,开放申购,开放赎回,,,,
620,2023-01-12,1.3266,1.3266,,,1,-1.21,开放申购,开放赎回,,,,
621,2023-01-11,1.3428,1.3428,,,1,1.62,开放申购,开放赎回,,,,
622,2023-01-10,1.3214,1.3214,,,1,0.48,开放申购,开放赎回,,,,
623,2023-01-09,1.3151,1.3151,,,1,0.00,暂停申购,暂停赎回,,,,
624,2023-01-06,1.3151,1.3151,,,1,-0.69,开放申购,开放赎回,,,,
625,2023-01-05,1.3242,1.3242,,,1,-0.12,开放申购,开放赎回,,,,
626,2023-01-04,1.3258,1.3258,,,1,-0.30,开放申购,开放赎回,,,,
627,2023-01-03,1.3298,1.3298,,,1,0.99,暂停申购,暂停赎回,,,,
628,2022-12-31,1.3167,1.3167,,,0,-0.01,开放申购,开放赎回,,,,
629,2022-12-30,1.3168,1.3168,,,1,0.07,开放申购,开放赎回,,,,
630,2022-12-29,1.3159,1.3159,,,1,-1.61,开放申购,开放赎回,,,,
631,2022-12-28,1.3375,1.3375,,,1,0.07,开放申购,开放赎回,,,,
632,2022-12-27,1.3366,1.3366,,,1,0.50,开放申购,开放赎回,,,,
633,2022-12-26,1.3300,1.3300,,,1,0.23,开放申购,开放赎回,,,,
634,2022-12-23,1.3269,1.3269,,,1,0.00,开放申购,开放赎回,,,,
635,2022-12-22,1.3269,1.3269,,,1,0.13,开放申购,开放赎回,,,,
636,2022-12-21,1.3252,1.3252,,,1,3.31,开放申购,开放赎回,,,,
637,2022-12-20,1.2828,1.2828,,,1,-5.15,开放申购,开放赎回,,,,
638,2022-12-19,1.3525,1.3525,,,1,0.21,开放申购,开放赎回,,,,
639,2022-12-16,1.3496,1.3496,,,1,-3.05,开放申购,开放赎回,,,,
640,2022-12-15,1.3920,1.3920,,,1,0.85,开放申购,开放赎回,,,,
641,2022-12-14,1.3803,1.3803,,,1,1.77,开放申购,开放赎回,,,,
642,2022-12-13,1.3563,1.3563,,,1,-1.06,开放申购,开放赎回,,,,
643,2022-12-12,1.3709,1.3709,,,1,0.31,开放申购,开放赎回,,,,
644,2022-12-09,1.3667,1.3667,,,1,0.96,开放申购,开放赎回,,,,
645,2022-12-08,1.3537,1.3537,,,1,-0.54,开放申购,开放赎回,,,,
646,2022-12-07,1.3610,1.3610,,,1,-0.04,开放申购,开放赎回,,,,
647,2022-12-06,1.3616,1.3616,,,1,-2.46,开放申购,开放赎回,,,,
648,2022-12-05,1.3960,1.3960,,,1,2.94,开放申购,开放赎回,,,,
649,2022-12-02,1.3561,1.3561,,,1,-1.49,开放申购,开放赎回,,,,
650,2022-12-01,1.3766,1.3766,,,1,-0.96,开放申购,开放赎回,,,,
651,2022-11-30,1.3899,1.3899,,,1,-0.47,开放申购,开放赎回,,,,
652,2022-11-29,1.3965,1.3965,,,1,0.92,开放申购,开放赎回,,,,
653,2022-11-28,1.3838,1.3838,,,1,-1.46,开放申购,开放赎回,,,,
654,2022-11-25,1.4043,1.4043,,,1,0.70,开放申购,开放赎回,,,,
655,2022-11-24,1.3945,1.3945,,,1,0.54,开放申购,开放赎回,,,,
656,2022-11-23,1.3870,1.3870,,,1,0.00,暂停申购,暂停赎回,,,,
657,2022-11-22,1.3870,1.3870,,,1,-0.17,开放申购,开放赎回,,,,
658,2022-11-21,1.3893,1.3893,,,1,1.03,开放申购,开放赎回,,,,
659,2022-11-18,1.3752,1.3752,,,1,0.47,开放申购,开放赎回,,,,
660,2022-11-17,1.3687,1.3687,,,1,-0.38,开放申购,开放赎回,,,,
661,2022-11-16,1.3739,1.3739,,,1,-0.14,开放申购,开放赎回,,,,
662,2022-11-15,1.3758,1.3758,,,1,-0.93,开放申购,开放赎回,,,,
663,2022-11-14,1.3887,1.3887,,,1,1.00,开放申购,开放赎回,,,,
664,2022-11-11,1.3750,1.3750,,,1,4.85,开放申购,开放赎回,,,,
665,2022-11-10,1.3114,1.3114,,,1,-3.82,开放申购,开放赎回,,,,
666,2022-11-09,1.3635,1.3635,,,1,0.13,开放申购,开放赎回,,,,
667,2022-11-08,1.3617,1.3617,,,1,0.73,开放申购,开放赎回,,,,
668,2022-11-07,1.3518,1.3518,,,1,0.93,开放申购,开放赎回,,,,
669,2022-11-04,1.3394,1.3394,,,1,-0.22,开放申购,开放赎回,,,,
670,2022-11-03,1.3423,1.3423,,,1,0.00,暂停申购,暂停赎回,,,,
671,2022-11-02,1.3423,1.3423,,,1,-0.01,开放申购,开放赎回,,,,
672,2022-11-01,1.3425,1.3425,,,1,0.29,开放申购,开放赎回,,,,
673,2022-10-31,1.3386,1.3386,,,1,0.80,开放申购,开放赎回,,,,
674,2022-10-28,1.3280,1.3280,,,1,0.51,开放申购,开放赎回,,,,
675,2022-10-27,1.3212,1.3212,,,1,-0.61,开放申购,开放赎回,,,,
676,2022-10-26,1.3293,1.3293,,,1,1.80,开放申购,开放赎回,,,,
677,2022-10-25,1.3058,1.3058,,,1,0.06,开放申购,开放赎回,,,,
678,2022-10-24,1.3050,1.3050,,,1,1.94,开放申购,开放赎回,,,,
679,2022-10-21,1.2802,1.2802,,,1,-2.65,开放申购,开放赎回,,,,
680,2022-10-20,1.3151,1.3151,,,1,-0.19,开放申购,开放赎回,,,,
681,2022-10-19,1.3176,1.3176,,,1,0.21,开放申购,开放赎回,,,,
682,2022-10-18,1.3148,1.3148,,,1,0.95,开放申购,开放赎回,,,,
683,2022-10-17,1.3024,1.3024,,,1,-1.48,开放申购,开放赎回,,,,
684,2022-10-14,1.3219,1.3219,,,1,2.70,开放申购,开放赎回,,,,
685,2022-10-13,1.2872,1.2872,,,1,-1.33,开放申购,开放赎回,,,,
686,2022-10-12,1.3045,1.3045,,,1,0.43,开放申购,开放赎回,,,,
687,2022-10-11,1.2989,1.2989,,,1,1.56,开放申购,开放赎回,,,,
688,2022-10-10,1.2790,1.2790,,,1,0.00,暂停申购,暂停赎回,,,,
689,2022-09-30,1.2790,1.2790,,,1,-1.63,开放申购,开放赎回,,,,
690,2022-09-29,1.3002,1.3002,,,1,2.97,开放申购,开放赎回,,,,
691,2022-09-28,1.2627,1.2627,,,1,-1.74,开放申购,开放赎回,,,,
692,2022-09-27,1.2851,1.2851,,,1,-0.06,开放申购,开放赎回,,,,
693,2022-09-26,1.2859,1.2859,,,1,-0.98,开放申购,开放赎回,,,,
694,2022-09-23,1.2986,1.2986,,,1,0.00,暂停申购,暂停赎回,,,,
695,2022-09-22,1.2986,1.2986,,,1,-1.83,开放申购,开放赎回,,,,
696,2022-09-21,1.3228,1.3228,,,1,-1.59,开放申购,开放赎回,,,,
697,2022-09-20,1.3442,1.3442,,,1,0.95,开放申购,开放赎回,,,,
698,2022-09-19,1.3315,1.3315,,,1,0.00,暂停申购,暂停赎回,,,,
699,2022-09-16,1.3315,1.3315,,,1,-1.14,开放申购,开放赎回,,,,
700,2022-09-15,1.3468,1.3468,,,1,1.19,开放申购,开放赎回,,,,
701,2022-09-14,1.3310,1.3310,,,1,-4.13,开放申购,开放赎回,,,,
702,2022-09-13,1.3884,1.3884,,,1,2.76,开放申购,开放赎回,,,,
703,2022-09-09,1.3511,1.3511,,,1,-0.26,开放申购,开放赎回,,,,
704,2022-09-08,1.3546,1.3546,,,1,1.52,开放申购,开放赎回,,,,
705,2022-09-07,1.3343,1.3343,,,1,-1.18,开放申购,开放赎回,,,,
706,2022-09-06,1.3502,1.3502,,,1,1.28,开放申购,开放赎回,,,,
707,2022-09-05,1.3331,1.3331,,,1,-0.46,开放申购,开放赎回,,,,
708,2022-09-02,1.3392,1.3392,,,1,-0.40,开放申购,开放赎回,,,,
709,2022-09-01,1.3446,1.3446,,,1,-1.50,开放申购,开放赎回,,,,
710,2022-08-31,1.3651,1.3651,,,1,0.27,开放申购,开放赎回,,,,
711,2022-08-30,1.3614,1.3614,,,1,1.05,开放申购,开放赎回,,,,
712,2022-08-29,1.3472,1.3472,,,1,-2.48,开放申购,开放赎回,,,,
713,2022-08-26,1.3814,1.3814,,,1,0.77,开放申购,开放赎回,,,,
714,2022-08-25,1.3708,1.3708,,,1,0.48,开放申购,开放赎回,,,,
715,2022-08-24,1.3643,1.3643,,,1,-0.18,开放申购,开放赎回,,,,
716,2022-08-23,1.3667,1.3667,,,1,-1.42,开放申购,开放赎回,,,,
717,2022-08-22,1.3864,1.3864,,,1,-1.00,开放申购,开放赎回,,,,
718,2022-08-19,1.4004,1.4004,,,1,0.16,开放申购,开放赎回,,,,
719,2022-08-18,1.3982,1.3982,,,1,-1.03,开放申购,开放赎回,,,,
720,2022-08-17,1.4127,1.4127,,,1,1.21,开放申购,开放赎回,,,,
721,2022-08-16,1.3958,1.3958,,,1,1.14,开放申购,开放赎回,,,,
722,2022-08-15,1.3801,1.3801,,,1,0.14,开放申购,开放赎回,,,,
723,2022-08-12,1.3782,1.3782,,,1,3.52,开放申购,开放赎回,,,,
724,2022-08-11,1.3314,1.3314,,,1,0.00,暂停申购,暂停赎回,,,,
725,2022-08-10,1.3314,1.3314,,,1,-1.65,开放申购,开放赎回,,,,
726,2022-08-09,1.3538,1.3538,,,1,-0.54,开放申购,开放赎回,,,,
727,2022-08-08,1.3611,1.3611,,,1,-1.17,开放申购,开放赎回,,,,
728,2022-08-05,1.3772,1.3772,,,1,2.87,开放申购,开放赎回,,,,
729,2022-08-04,1.3388,1.3388,,,1,-1.30,开放申购,开放赎回,,,,
730,2022-08-03,1.3564,1.3564,,,1,0.10,开放申购,开放赎回,,,,
731,2022-08-02,1.3551,1.3551,,,1,0.47,开放申购,开放赎回,,,,
732,2022-08-01,1.3488,1.3488,,,1,0.59,开放申购,开放赎回,,,,
733,2022-07-29,1.3409,1.3409,,,1,0.46,开放申购,开放赎回,,,,
734,2022-07-28,1.3347,1.3347,,,1,-1.16,开放申购,开放赎回,,,,
735,2022-07-27,1.3504,1.3504,,,1,0.02,开放申购,开放赎回,,,,
736,2022-07-26,1.3501,1.3501,,,1,-0.07,开放申购,开放赎回,,,,
737,2022-07-25,1.3511,1.3511,,,1,0.02,开放申购,开放赎回,,,,
738,2022-07-22,1.3508,1.3508,,,1,0.57,开放申购,开放赎回,,,,
739,2022-07-21,1.3431,1.3431,,,1,-0.38,开放申购,开放赎回,,,,
740,2022-07-20,1.3482,1.3482,,,1,2.41,开放申购,开放赎回,,,,
741,2022-07-19,1.3165,1.3165,,,1,0.85,开放申购,开放赎回,,,,
742,2022-07-18,1.3054,1.3054,,,1,0.18,暂停申购,暂停赎回,,,,
743,2022-07-15,1.3030,1.3030,,,1,-0.71,开放申购,开放赎回,,,,
744,2022-07-14,1.3123,1.3123,,,1,0.15,开放申购,开放赎回,,,,
745,2022-07-13,1.3103,1.3103,,,1,1.04,开放申购,开放赎回,,,,
746,2022-07-12,1.2968,1.2968,,,1,-2.19,开放申购,开放赎回,,,,
747,2022-07-11,1.3258,1.3258,,,1,1.49,开放申购,开放赎回,,,,
748,2022-07-08,1.3063,1.3063,,,1,0.28,开放申购,开放赎回,,,,
749,2022-07-07,1.3027,1.3027,,,1,1.14,开放申购,开放赎回,,,,
750,2022-07-06,1.2880,1.2880,,,1,-0.36,开放申购,开放赎回,,,,
751,2022-07-05,1.2926,1.2926,,,1,0.18,开放申购,开放赎回,,,,
752,2022-07-04,1.2903,1.2903,,,1,2.16,开放申购,开放赎回,,,,
753,2022-07-01,1.2630,1.2630,,,1,-1.34,开放申购,开放赎回,,,,
754,2022-06-30,1.2802,1.2802,,,1,-2.22,开放申购,开放赎回,,,,
755,2022-06-29,1.3093,1.3093,,,1,-0.75,开放申购,开放赎回,,,,
756,2022-06-28,1.3192,1.3192,,,1,0.96,开放申购,开放赎回,,,,
757,2022-06-27,1.3067,1.3067,,,1,1.01,开放申购,开放赎回,,,,
758,2022-06-24,1.2936,1.2936,,,1,1.99,开放申购,开放赎回,,,,
759,2022-06-23,1.2684,1.2684,,,1,-1.00,开放申购,开放赎回,,,,
760,2022-06-22,1.2812,1.2812,,,1,-1.32,开放申购,开放赎回,,,,
761,2022-06-21,1.2983,1.2983,,,1,3.01,开放申购,开放赎回,,,,
762,2022-06-20,1.2604,1.2604,,,1,-2.07,开放申购,开放赎回,,,,
763,2022-06-17,1.2870,1.2870,,,1,0.63,开放申购,开放赎回,,,,
764,2022-06-16,1.2790,1.2790,,,1,-0.30,开放申购,开放赎回,,,,
765,2022-06-15,1.2828,1.2828,,,1,-2.29,开放申购,开放赎回,,,,
766,2022-06-14,1.3129,1.3129,,,1,0.58,开放申购,开放赎回,,,,
767,2022-06-13,1.3053,1.3053,,,1,-3.42,开放申购,开放赎回,,,,
768,2022-06-10,1.3515,1.3515,,,1,-1.18,开放申购,开放赎回,,,,
769,2022-06-09,1.3676,1.3676,,,1,-0.88,开放申购,开放赎回,,,,
770,2022-06-08,1.3797,1.3797,,,1,1.67,开放申购,开放赎回,,,,
771,2022-06-07,1.3570,1.3570,,,1,-0.56,开放申购,开放赎回,,,,
772,2022-06-06,1.3647,1.3647,,,1,0.90,开放申购,开放赎回,,,,
773,2022-06-02,1.3525,1.3525,,,1,-0.62,开放申购,开放赎回,,,,
774,2022-06-01,1.3609,1.3609,,,1,1.33,开放申购,开放赎回,,,,
775,2022-05-31,1.3430,1.3430,,,1,-0.64,开放申购,开放赎回,,,,
776,2022-05-30,1.3517,1.3517,,,1,2.46,开放申购,开放赎回,,,,
777,2022-05-27,1.3193,1.3193,,,1,2.43,开放申购,开放赎回,,,,
778,2022-05-26,1.2880,1.2880,,,1,-0.88,开放申购,开放赎回,,,,
779,2022-05-25,1.2995,1.2995,,,1,0.39,开放申购,开放赎回,,,,
780,2022-05-24,1.2945,1.2945,,,1,-1.92,开放申购,开放赎回,,,,
781,2022-05-23,1.3199,1.3199,,,1,0.63,开放申购,开放赎回,,,,
782,2022-05-20,1.3117,1.3117,,,1,1.71,开放申购,开放赎回,,,,
783,2022-05-19,1.2897,1.2897,,,1,-0.10,开放申购,开放赎回,,,,
784,2022-05-18,1.2910,1.2910,,,1,-0.99,开放申购,开放赎回,,,,
785,2022-05-17,1.3039,1.3039,,,1,1.16,开放申购,开放赎回,,,,
786,2022-05-16,1.2890,1.2890,,,1,-0.87,开放申购,开放赎回,,,,
787,2022-05-13,1.3003,1.3003,,,1,4.12,开放申购,开放赎回,,,,
788,2022-05-12,1.2488,1.2488,,,1,-2.61,开放申购,开放赎回,,,,
789,2022-05-11,1.2823,1.2823,,,1,-0.90,开放申购,开放赎回,,,,
790,2022-05-10,1.2940,1.2940,,,1,-0.18,开放申购,开放赎回,,,,
791,2022-05-09,1.2963,1.2963,,,1,-2.83,开放申购,开放赎回,,,,
792,2022-05-06,1.3340,1.3340,,,1,-0.16,开放申购,开放赎回,,,,
793,2022-05-05,1.3362,1.3362,,,1,0.00,暂停申购,暂停赎回,,,,
794,2022-04-29,1.3362,1.3362,,,1,0.00,暂停申购,暂停赎回,,,,
795,2022-04-28,1.3362,1.3362,,,1,2.17,开放申购,开放赎回,,,,
796,2022-04-27,1.3078,1.3078,,,1,0.60,开放申购,开放赎回,,,,
797,2022-04-26,1.3000,1.3000,,,1,0.87,开放申购,开放赎回,,,,
798,2022-04-25,1.2888,1.2888,,,1,-2.07,开放申购,开放赎回,,,,
799,2022-04-22,1.3160,1.3160,,,1,-1.18,开放申购,开放赎回,,,,
800,2022-04-21,1.3317,1.3317,,,1,1.70,开放申购,开放赎回,,,,
801,2022-04-20,1.3095,1.3095,,,1,-1.36,开放申购,开放赎回,,,,
802,2022-04-19,1.3275,1.3275,,,1,1.30,开放申购,开放赎回,,,,
803,2022-04-18,1.3104,1.3104,,,1,-0.96,开放申购,开放赎回,,,,
804,2022-04-15,1.3231,1.3231,,,1,-0.27,开放申购,开放赎回,,,,
805,2022-04-14,1.3267,1.3267,,,1,0.51,开放申购,开放赎回,,,,
806,2022-04-13,1.3200,1.3200,,,1,1.13,开放申购,开放赎回,,,,
807,2022-04-12,1.3053,1.3053,,,1,-2.00,开放申购,开放赎回,,,,
808,2022-04-11,1.3320,1.3320,,,1,-0.28,开放申购,开放赎回,,,,
809,2022-04-08,1.3358,1.3358,,,1,0.18,开放申购,开放赎回,,,,
810,2022-04-07,1.3334,1.3334,,,1,-1.75,开放申购,开放赎回,,,,
811,2022-04-06,1.3571,1.3571,,,1,-1.08,开放申购,开放赎回,,,,
812,2022-04-01,1.3719,1.3719,,,1,0.59,开放申购,开放赎回,,,,
813,2022-03-31,1.3639,1.3639,,,1,-0.30,开放申购,开放赎回,,,,
814,2022-03-30,1.3680,1.3680,,,1,-0.11,开放申购,开放赎回,,,,
815,2022-03-29,1.3695,1.3695,,,1,-0.67,开放申购,开放赎回,,,,
816,2022-03-28,1.3788,1.3788,,,1,0.52,开放申购,开放赎回,,,,
817,2022-03-25,1.3716,1.3716,,,1,-0.87,开放申购,开放赎回,,,,
818,2022-03-24,1.3837,1.3837,,,1,1.35,开放申购,开放赎回,,,,
819,2022-03-23,1.3653,1.3653,,,1,0.98,开放申购,开放赎回,,,,
820,2022-03-22,1.3520,1.3520,,,1,1.61,开放申购,开放赎回,,,,
821,2022-03-21,1.3306,1.3306,,,1,0.00,暂停申购,暂停赎回,,,,
822,2022-03-18,1.3306,1.3306,,,1,1.32,开放申购,开放赎回,,,,
823,2022-03-17,1.3133,1.3133,,,1,1.52,开放申购,开放赎回,,,,
824,2022-03-16,1.2936,1.2936,,,1,2.33,开放申购,开放赎回,,,,
825,2022-03-15,1.2641,1.2641,,,1,0.39,开放申购,开放赎回,,,,
826,2022-03-14,1.2592,1.2592,,,1,-0.37,开放申购,开放赎回,,,,
827,2022-03-11,1.2639,1.2639,,,1,-1.15,开放申购,开放赎回,,,,
828,2022-03-10,1.2786,1.2786,,,1,4.29,开放申购,开放赎回,,,,
829,2022-03-09,1.2260,1.2260,,,1,-0.50,开放申购,开放赎回,,,,
830,2022-03-08,1.2321,1.2321,,,1,-1.98,开放申购,开放赎回,,,,
831,2022-03-07,1.2570,1.2570,,,1,-1.65,开放申购,开放赎回,,,,
832,2022-03-04,1.2781,1.2781,,,1,-2.35,开放申购,开放赎回,,,,
833,2022-03-03,1.3088,1.3088,,,1,-0.41,开放申购,开放赎回,,,,
834,2022-03-02,1.3142,1.3142,,,1,-0.67,开放申购,开放赎回,,,,
835,2022-03-01,1.3230,1.3230,,,1,0.55,开放申购,开放赎回,,,,
836,2022-02-28,1.3158,1.3158,,,1,-0.08,开放申购,开放赎回,,,,
837,2022-02-25,1.3168,1.3168,,,1,1.08,开放申购,开放赎回,,,,
838,2022-02-24,1.3027,1.3027,,,1,-1.20,开放申购,开放赎回,,,,
839,2022-02-23,1.3185,1.3185,,,1,0.00,暂停申购,暂停赎回,,,,
840,2022-02-22,1.3185,1.3185,,,1,-0.58,开放申购,开放赎回,,,,
841,2022-02-21,1.3262,1.3262,,,1,-1.33,开放申购,开放赎回,,,,
842,2022-02-18,1.3441,1.3441,,,1,0.29,开放申购,开放赎回,,,,
843,2022-02-17,1.3402,1.3402,,,1,-1.61,开放申购,开放赎回,,,,
844,2022-02-16,1.3621,1.3621,,,1,1.32,开放申购,开放赎回,,,,
845,2022-02-15,1.3443,1.3443,,,1,-1.04,开放申购,开放赎回,,,,
846,2022-02-14,1.3584,1.3584,,,1,-2.41,开放申购,开放赎回,,,,
847,2022-02-11,1.3919,1.3919,,,1,0.00,暂停申购,暂停赎回,,,,
848,2022-02-10,1.3919,1.3919,,,1,1.18,开放申购,开放赎回,,,,
849,2022-02-09,1.3756,1.3756,,,1,0.75,开放申购,开放赎回,,,,
850,2022-02-08,1.3653,1.3653,,,1,0.63,开放申购,开放赎回,,,,
851,2022-02-07,1.3568,1.3568,,,1,1.58,开放申购,开放赎回,,,,
852,2022-01-28,1.3357,1.3357,,,1,1.87,开放申购,开放赎回,,,,
853,2022-01-27,1.3112,1.3112,,,1,-3.48,开放申购,开放赎回,,,,
854,2022-01-26,1.3585,1.3585,,,1,0.45,开放申购,开放赎回,,,,
855,2022-01-25,1.3524,1.3524,,,1,-2.45,开放申购,开放赎回,,,,
856,2022-01-24,1.3864,1.3864,,,1,-0.08,开放申购,开放赎回,,,,
857,2022-01-21,1.3875,1.3875,,,1,-0.38,开放申购,开放赎回,,,,
858,2022-01-20,1.3928,1.3928,,,1,1.04,开放申购,开放赎回,,,,
859,2022-01-19,1.3784,1.3784,,,1,-3.24,开放申购,开放赎回,,,,
860,2022-01-18,1.4245,1.4245,,,1,-0.58,开放申购,开放赎回,,,,
861,2022-01-17,1.4328,1.4328,,,1,0.52,开放申购,开放赎回,,,,
862,2022-01-14,1.4254,1.4254,,,1,-0.73,开放申购,开放赎回,,,,
863,2022-01-13,1.4359,1.4359,,,1,-0.84,开放申购,开放赎回,,,,
864,2022-01-12,1.4480,1.4480,,,1,1.24,开放申购,开放赎回,,,,
865,2022-01-11,1.4303,1.4303,,,1,-0.17,开放申购,开放赎回,,,,
866,2022-01-10,1.4328,1.4328,,,1,0.00,暂停申购,暂停赎回,,,,
867,2022-01-07,1.4328,1.4328,,,1,-0.14,开放申购,开放赎回,,,,
868,2022-01-06,1.4348,1.4348,,,1,-3.00,开放申购,开放赎回,,,,
869,2022-01-05,1.4791,1.4791,,,1,-0.58,开放申购,开放赎回,,,,
870,2022-01-04,1.4877,1.4877,,,1,2.20,开放申购,开放赎回,,,,
871,2021-12-31,1.4557,1.4557,,,1,0.33,暂停申购,暂停赎回,,,,
872,2021-12-30,1.4509,1.4509,,,1,-0.56,开放申购,开放赎回,,,,
873,2021-12-29,1.4590,1.4590,,,1,-0.16,开放申购,开放赎回,,,,
874,2021-12-28,1.4614,1.4614,,,1,0.88,开放申购,开放赎回,,,,
875,2021-12-27,1.4486,1.4486,,,1,0.11,开放申购,开放赎回,,,,
876,2021-12-24,1.4470,1.4470,,,1,-0.27,开放申购,开放赎回,,,,
877,2021-12-23,1.4509,1.4509,,,1,0.93,开放申购,开放赎回,,,,
878,2021-12-22,1.4375,1.4375,,,1,0.23,开放申购,开放赎回,,,,
879,2021-12-21,1.4342,1.4342,,,1,1.55,开放申购,开放赎回,,,,
880,2021-12-20,1.4123,1.4123,,,1,-1.58,开放申购,开放赎回,,,,
881,2021-12-17,1.4350,1.4350,,,1,-1.48,开放申购,开放赎回,,,,
882,2021-12-16,1.4566,1.4566,,,1,0.37,开放申购,开放赎回,,,,
883,2021-12-15,1.4512,1.4512,,,1,0.59,开放申购,开放赎回,,,,
884,2021-12-14,1.4427,1.4427,,,1,-0.28,开放申购,开放赎回,,,,
885,2021-12-13,1.4467,1.4467,,,1,0.37,开放申购,开放赎回,,,,
886,2021-12-10,1.4413,1.4413,,,1,-0.64,开放申购,开放赎回,,,,
887,2021-12-09,1.4506,1.4506,,,1,-1.51,开放申购,开放赎回,,,,
888,2021-12-08,1.4728,1.4728,,,1,1.03,开放申购,开放赎回,,,,
889,2021-12-07,1.4578,1.4578,,,1,1.78,开放申购,开放赎回,,,,
890,2021-12-06,1.4323,1.4323,,,1,-0.49,开放申购,开放赎回,,,,
891,2021-12-03,1.4394,1.4394,,,1,1.14,开放申购,开放赎回,,,,
892,2021-12-02,1.4232,1.4232,,,1,-0.29,开放申购,开放赎回,,,,
893,2021-12-01,1.4274,1.4274,,,1,0.23,开放申购,开放赎回,,,,
894,2021-11-30,1.4241,1.4241,,,1,-0.96,开放申购,开放赎回,,,,
895,2021-11-29,1.4379,1.4379,,,1,-0.30,开放申购,开放赎回,,,,
896,2021-11-26,1.4422,1.4422,,,1,-3.39,开放申购,开放赎回,,,,
897,2021-11-25,1.4928,1.4928,,,1,0.22,开放申购,开放赎回,,,,
898,2021-11-24,1.4895,1.4895,,,1,-2.01,开放申购,开放赎回,,,,
899,2021-11-23,1.5201,1.5201,,,1,0.00,暂停申购,暂停赎回,,,,
900,2021-11-22,1.5201,1.5201,,,1,1.02,开放申购,开放赎回,,,,
901,2021-11-19,1.5047,1.5047,,,1,0.25,开放申购,开放赎回,,,,
902,2021-11-18,1.5010,1.5010,,,1,0.30,开放申购,开放赎回,,,,
903,2021-11-17,1.4965,1.4965,,,1,-1.33,开放申购,开放赎回,,,,
904,2021-11-16,1.5166,1.5166,,,1,0.54,开放申购,开放赎回,,,,
905,2021-11-15,1.5085,1.5085,,,1,0.46,开放申购,开放赎回,,,,
906,2021-11-12,1.5016,1.5016,,,1,1.26,开放申购,开放赎回,,,,
907,2021-11-11,1.4829,1.4829,,,1,0.05,开放申购,开放赎回,,,,
908,2021-11-10,1.4821,1.4821,,,1,0.60,开放申购,开放赎回,,,,
909,2021-11-09,1.4733,1.4733,,,1,-0.73,开放申购,开放赎回,,,,
910,2021-11-08,1.4841,1.4841,,,1,-0.18,开放申购,开放赎回,,,,
911,2021-11-05,1.4868,1.4868,,,1,-0.14,开放申购,开放赎回,,,,
912,2021-11-04,1.4889,1.4889,,,1,1.02,开放申购,开放赎回,,,,
913,2021-11-03,1.4739,1.4739,,,1,0.00,暂停申购,暂停赎回,,,,
914,2021-11-02,1.4739,1.4739,,,1,-0.81,开放申购,开放赎回,,,,
915,2021-11-01,1.4860,1.4860,,,1,2.12,开放申购,开放赎回,,,,
916,2021-10-29,1.4551,1.4551,,,1,0.27,开放申购,开放赎回,,,,
917,2021-10-28,1.4512,1.4512,,,1,0.10,开放申购,开放赎回,,,,
918,2021-10-27,1.4498,1.4498,,,1,-0.98,开放申购,开放赎回,,,,
919,2021-10-26,1.4642,1.4642,,,1,1.53,开放申购,开放赎回,,,,
920,2021-10-25,1.4421,1.4421,,,1,0.08,开放申购,开放赎回,,,,
921,2021-10-22,1.4410,1.4410,,,1,0.45,开放申购,开放赎回,,,,
922,2021-10-21,1.4345,1.4345,,,1,-1.70,开放申购,开放赎回,,,,
923,2021-10-20,1.4593,1.4593,,,1,-0.88,开放申购,开放赎回,,,,
924,2021-10-19,1.4723,1.4723,,,1,1.26,开放申购,开放赎回,,,,
925,2021-10-18,1.4540,1.4540,,,1,-0.74,开放申购,开放赎回,,,,
926,2021-10-15,1.4648,1.4648,,,1,1.98,开放申购,开放赎回,,,,
927,2021-10-14,1.4363,1.4363,,,1,0.89,开放申购,开放赎回,,,,
928,2021-10-13,1.4237,1.4237,,,1,-0.46,开放申购,开放赎回,,,,
929,2021-10-12,1.4303,1.4303,,,1,-1.13,开放申购,开放赎回,,,,
930,2021-10-11,1.4467,1.4467,,,1,2.06,暂停申购,暂停赎回,,,,
931,2021-10-08,1.4175,1.4175,,,1,-2.79,开放申购,开放赎回,,,,
932,2021-09-30,1.4582,1.4582,,,1,-0.37,开放申购,开放赎回,,,,
933,2021-09-29,1.4636,1.4636,,,1,-1.92,开放申购,开放赎回,,,,
934,2021-09-28,1.4922,1.4922,,,1,-0.56,开放申购,开放赎回,,,,
935,2021-09-27,1.5006,1.5006,,,1,-0.25,开放申购,开放赎回,,,,
936,2021-09-24,1.5044,1.5044,,,1,1.86,开放申购,开放赎回,,,,
937,2021-09-23,1.4770,1.4770,,,1,0.00,暂停申购,暂停赎回,,,,
938,2021-09-22,1.4770,1.4770,,,1,-1.75,开放申购,开放赎回,,,,
939,2021-09-17,1.5033,1.5033,,,1,0.43,开放申购,开放赎回,,,,
940,2021-09-16,1.4968,1.4968,,,1,-0.39,开放申购,开放赎回,,,,
941,2021-09-15,1.5027,1.5027,,,1,-1.00,开放申购,开放赎回,,,,
942,2021-09-14,1.5179,1.5179,,,1,0.99,开放申购,开放赎回,,,,
943,2021-09-13,1.5030,1.5030,,,1,0.13,开放申购,开放赎回,,,,
944,2021-09-10,1.5011,1.5011,,,1,2.37,开放申购,开放赎回,,,,
945,2021-09-09,1.4664,1.4664,,,1,-1.23,开放申购,开放赎回,,,,
946,2021-09-08,1.4846,1.4846,,,1,0.58,开放申购,开放赎回,,,,
947,2021-09-07,1.4761,1.4761,,,1,1.53,开放申购,开放赎回,,,,
948,2021-09-06,1.4539,1.4539,,,1,1.47,开放申购,开放赎回,,,,
949,2021-09-03,1.4329,1.4329,,,1,1.24,开放申购,开放赎回,,,,
950,2021-09-02,1.4154,1.4154,,,1,0.06,开放申购,开放赎回,,,,
951,2021-09-01,1.4146,1.4146,,,1,0.83,开放申购,开放赎回,,,,
952,2021-08-31,1.4030,1.4030,,,1,0.92,开放申购,开放赎回,,,,
953,2021-08-30,1.3902,1.3902,,,1,1.36,开放申购,开放赎回,,,,
954,2021-08-27,1.3716,1.3716,,,1,-0.26,开放申购,开放赎回,,,,
955,2021-08-26,1.3752,1.3752,,,1,-0.34,开放申购,开放赎回,,,,
956,2021-08-25,1.3799,1.3799,,,1,0.19,开放申购,开放赎回,,,,
957,2021-08-24,1.3773,1.3773,,,1,1.20,开放申购,开放赎回,,,,
958,2021-08-23,1.3610,1.3610,,,1,2.09,开放申购,开放赎回,,,,
959,2021-08-20,1.3332,1.3332,,,1,-0.58,开放申购,开放赎回,,,,
960,2021-08-19,1.3410,1.3410,,,1,-1.62,开放申购,开放赎回,,,,
961,2021-08-18,1.3631,1.3631,,,1,0.68,开放申购,开放赎回,,,,
962,2021-08-17,1.3539,1.3539,,,1,-0.08,开放申购,开放赎回,,,,
963,2021-08-16,1.3550,1.3550,,,1,-1.51,开放申购,开放赎回,,,,
964,2021-08-13,1.3758,1.3758,,,1,-0.37,开放申购,开放赎回,,,,
965,2021-08-12,1.3809,1.3809,,,1,0.41,开放申购,开放赎回,,,,
966,2021-08-11,1.3753,1.3753,,,1,0.00,暂停申购,暂停赎回,,,,
967,2021-08-10,1.3753,1.3753,,,1,0.55,开放申购,开放赎回,,,,
968,2021-08-09,1.3678,1.3678,,,1,-0.13,开放申购,开放赎回,,,,
969,2021-08-06,1.3696,1.3696,,,1,0.15,开放申购,开放赎回,,,,
970,2021-08-05,1.3676,1.3676,,,1,0.63,开放申购,开放赎回,,,,
971,2021-08-04,1.3590,1.3590,,,1,0.38,开放申购,开放赎回,,,,
972,2021-08-03,1.3538,1.3538,,,1,-0.50,开放申购,开放赎回,,,,
973,2021-08-02,1.3606,1.3606,,,1,1.57,开放申购,开放赎回,,,,
974,2021-07-30,1.3396,1.3396,,,1,-1.17,开放申购,开放赎回,,,,
975,2021-07-29,1.3555,1.3555,,,1,1.05,开放申购,开放赎回,,,,
976,2021-07-28,1.3414,1.3414,,,1,0.07,开放申购,开放赎回,,,,
977,2021-07-27,1.3404,1.3404,,,1,-0.13,开放申购,开放赎回,,,,
978,2021-07-26,1.3421,1.3421,,,1,0.71,开放申购,开放赎回,,,,
979,2021-07-23,1.3326,1.3326,,,1,0.33,开放申购,开放赎回,,,,
980,2021-07-22,1.3282,1.3282,,,1,-0.73,开放申购,开放赎回,,,,
981,2021-07-21,1.3379,1.3379,,,1,1.29,开放申购,开放赎回,,,,
982,2021-07-20,1.3209,1.3209,,,1,-2.13,开放申购,开放赎回,,,,
983,2021-07-19,1.3497,1.3497,,,1,0.00,暂停申购,暂停赎回,,,,
984,2021-07-16,1.3497,1.3497,,,1,-0.08,开放申购,开放赎回,,,,
985,2021-07-15,1.3508,1.3508,,,1,-0.90,开放申购,开放赎回,,,,
986,2021-07-14,1.3630,1.3630,,,1,-0.94,开放申购,开放赎回,,,,
987,2021-07-13,1.3759,1.3759,,,1,0.61,开放申购,开放赎回,,,,
988,2021-07-12,1.3675,1.3675,,,1,2.01,开放申购,开放赎回,,,,
989,2021-07-09,1.3406,1.3406,,,1,0.89,开放申购,开放赎回,,,,
990,2021-07-08,1.3288,1.3288,,,1,-2.03,开放申购,开放赎回,,,,
991,2021-07-07,1.3564,1.3564,,,1,-0.04,开放申购,开放赎回,,,,
992,2021-07-06,1.3569,1.3569,,,1,-0.17,开放申购,开放赎回,,,,
993,2021-07-05,1.3592,1.3592,,,1,0.31,开放申购,开放赎回,,,,
994,2021-07-02,1.3550,1.3550,,,1,-0.08,开放申购,开放赎回,,,,
995,2021-07-01,1.3561,1.3561,,,1,-0.09,开放申购,开放赎回,,,,
996,2021-06-30,1.3573,1.3573,,,1,0.40,开放申购,开放赎回,,,,
997,2021-06-29,1.3519,1.3519,,,1,-0.55,开放申购,开放赎回,,,,
998,2021-06-28,1.3594,1.3594,,,1,-0.22,开放申购,开放赎回,,,,
999,2021-06-25,1.3624,1.3624,,,1,0.75,开放申购,开放赎回,,,,
1000,2021-06-24,1.3523,1.3523,,,1,-0.20,开放申购,开放赎回,,,,
1001,2021-06-23,1.3550,1.3550,,,1,-0.21,开放申购,开放赎回,,,,
1002,2021-06-22,1.3579,1.3579,,,1,2.86,开放申购,开放赎回,,,,
1003,2021-06-21,1.3201,1.3201,,,1,-2.13,开放申购,开放赎回,,,,
1004,2021-06-18,1.3488,1.3488,,,1,0.13,开放申购,开放赎回,,,,
1005,2021-06-17,1.3471,1.3471,,,1,-2.29,开放申购,开放赎回,,,,
1006,2021-06-16,1.3787,1.3787,,,1,0.55,开放申购,开放赎回,,,,
1007,2021-06-15,1.3711,1.3711,,,1,1.45,开放申购,开放赎回,,,,
1008,2021-06-11,1.3515,1.3515,,,1,0.25,开放申购,开放赎回,,,,
1009,2021-06-10,1.3481,1.3481,,,1,-0.42,开放申购,开放赎回,,,,
1010,2021-06-09,1.3538,1.3538,,,1,-0.21,开放申购,开放赎回,,,,
1011,2021-06-08,1.3567,1.3567,,,1,0.29,开放申购,开放赎回,,,,
1012,2021-06-07,1.3528,1.3528,,,1,0.37,开放申购,开放赎回,,,,
1013,2021-06-04,1.3478,1.3478,,,1,-1.14,开放申购,开放赎回,,,,
1014,2021-06-03,1.3634,1.3634,,,1,0.90,开放申购,开放赎回,,,,
1015,2021-06-02,1.3512,1.3512,,,1,1.24,开放申购,开放赎回,,,,
1016,2021-06-01,1.3346,1.3346,,,1,0.08,开放申购,开放赎回,,,,
1017,2021-05-31,1.3335,1.3335,,,1,-1.41,开放申购,开放赎回,,,,
1018,2021-05-28,1.3526,1.3526,,,1,1.04,开放申购,开放赎回,,,,
1019,2021-05-27,1.3387,1.3387,,,1,-0.15,开放申购,开放赎回,,,,
1020,2021-05-26,1.3407,1.3407,,,1,0.55,开放申购,开放赎回,,,,
1021,2021-05-25,1.3334,1.3334,,,1,0.53,开放申购,开放赎回,,,,
1022,2021-05-24,1.3264,1.3264,,,1,0.33,开放申购,开放赎回,,,,
1023,2021-05-21,1.3221,1.3221,,,1,0.80,开放申购,开放赎回,,,,
1024,2021-05-20,1.3116,1.3116,,,1,-0.46,开放申购,开放赎回,,,,
1025,2021-05-19,1.3177,1.3177,,,1,0.04,开放申购,开放赎回,,,,
1026,2021-05-18,1.3172,1.3172,,,1,1.94,开放申购,开放赎回,,,,
1027,2021-05-17,1.2921,1.2921,,,1,-0.86,开放申购,开放赎回,,,,
1028,2021-05-14,1.3033,1.3033,,,1,1.78,开放申购,开放赎回,,,,
1029,2021-05-13,1.2805,1.2805,,,1,-1.91,开放申购,开放赎回,,,,
1030,2021-05-12,1.3054,1.3054,,,1,-0.16,开放申购,开放赎回,,,,
1031,2021-05-11,1.3075,1.3075,,,1,-3.58,开放申购,开放赎回,,,,
1032,2021-05-10,1.3561,1.3561,,,1,1.41,开放申购,开放赎回,,,,
1033,2021-05-07,1.3373,1.3373,,,1,-0.11,开放申购,开放赎回,,,,
1034,2021-05-06,1.3388,1.3388,,,1,1.22,开放申购,开放赎回,,,,
1035,2021-04-30,1.3227,1.3227,,,1,-0.71,开放申购,开放赎回,,,,
1036,2021-04-29,1.3322,1.3322,,,1,0.00,暂停申购,暂停赎回,,,,
1037,2021-04-28,1.3322,1.3322,,,1,-0.25,开放申购,开放赎回,,,,
1038,2021-04-27,1.3355,1.3355,,,1,-0.40,开放申购,开放赎回,,,,
1039,2021-04-26,1.3408,1.3408,,,1,0.52,开放申购,开放赎回,,,,
1040,2021-04-23,1.3338,1.3338,,,1,-0.57,开放申购,开放赎回,,,,
1041,2021-04-22,1.3414,1.3414,,,1,1.61,开放申购,开放赎回,,,,
1042,2021-04-21,1.3202,1.3202,,,1,-1.96,开放申购,开放赎回,,,,
1043,2021-04-20,1.3466,1.3466,,,1,-0.99,开放申购,开放赎回,,,,
1044,2021-04-19,1.3601,1.3601,,,1,-0.26,开放申购,开放赎回,,,,
1045,2021-04-16,1.3637,1.3637,,,1,0.49,开放申购,开放赎回,,,,
1046,2021-04-15,1.3570,1.3570,,,1,-0.01,开放申购,开放赎回,,,,
1047,2021-04-14,1.3572,1.3572,,,1,0.18,开放申购,开放赎回,,,,
1048,2021-04-13,1.3547,1.3547,,,1,-0.03,开放申购,开放赎回,,,,
1049,2021-04-12,1.3551,1.3551,,,1,-1.00,开放申购,开放赎回,,,,
1050,2021-04-09,1.3688,1.3688,,,1,1.14,开放申购,开放赎回,,,,
1051,2021-04-08,1.3534,1.3534,,,1,-0.59,开放申购,开放赎回,,,,
1052,2021-04-07,1.3615,1.3615,,,1,0.76,开放申购,开放赎回,,,,
1053,2021-04-06,1.3512,1.3512,,,1,-1.21,开放申购,开放赎回,,,,
1054,2021-04-02,1.3677,1.3677,,,1,1.03,开放申购,开放赎回,,,,
1055,2021-04-01,1.3538,1.3538,,,1,0.06,开放申购,开放赎回,,,,
1056,2021-03-31,1.3530,1.3530,,,1,-0.40,开放申购,开放赎回,,,,
1057,2021-03-30,1.3584,1.3584,,,1,0.48,开放申购,开放赎回,,,,
1058,2021-03-29,1.3519,1.3519,,,1,0.11,开放申购,开放赎回,,,,
1059,2021-03-26,1.3504,1.3504,,,1,1.50,开放申购,开放赎回,,,,
1060,2021-03-25,1.3305,1.3305,,,1,1.17,开放申购,开放赎回,,,,
1061,2021-03-24,1.3151,1.3151,,,1,-0.85,开放申购,开放赎回,,,,
1062,2021-03-23,1.3264,1.3264,,,1,-1.04,开放申购,开放赎回,,,,
1063,2021-03-22,1.3403,1.3403,,,1,-1.15,开放申购,开放赎回,,,,
1064,2021-03-19,1.3559,1.3559,,,1,0.03,开放申购,开放赎回,,,,
1065,2021-03-18,1.3555,1.3555,,,1,1.51,开放申购,开放赎回,,,,
1066,2021-03-17,1.3354,1.3354,,,1,0.04,开放申购,开放赎回,,,,
1067,2021-03-16,1.3349,1.3349,,,1,0.84,开放申购,开放赎回,,,,
1068,2021-03-15,1.3238,1.3238,,,1,0.30,开放申购,开放赎回,,,,
1069,2021-03-12,1.3198,1.3198,,,1,2.13,开放申购,开放赎回,,,,
1070,2021-03-11,1.2923,1.2923,,,1,0.58,开放申购,开放赎回,,,,
1071,2021-03-10,1.2849,1.2849,,,1,-0.09,开放申购,开放赎回,,,,
1072,2021-03-09,1.2861,1.2861,,,1,0.33,开放申购,开放赎回,,,,
1073,2021-03-08,1.2819,1.2819,,,1,-1.46,开放申购,开放赎回,,,,
1074,2021-03-05,1.3009,1.3009,,,1,-0.47,开放申购,开放赎回,,,,
1075,2021-03-04,1.3070,1.3070,,,1,-0.84,开放申购,开放赎回,,,,
1076,2021-03-03,1.3181,1.3181,,,1,0.13,开放申购,开放赎回,,,,
1077,2021-03-02,1.3164,1.3164,,,1,-0.76,开放申购,开放赎回,,,,
1078,2021-03-01,1.3265,1.3265,,,1,2.22,开放申购,开放赎回,,,,
1079,2021-02-26,1.2977,1.2977,,,1,-3.39,开放申购,开放赎回,,,,
1080,2021-02-25,1.3432,1.3432,,,1,1.03,开放申购,开放赎回,,,,
1081,2021-02-24,1.3295,1.3295,,,1,-1.58,开放申购,开放赎回,,,,
1082,2021-02-23,1.3508,1.3508,,,1,0.00,暂停申购,暂停赎回,,,,
1083,2021-02-22,1.3508,1.3508,,,1,0.03,开放申购,开放赎回,,,,
1084,2021-02-19,1.3504,1.3504,,,1,0.30,开放申购,开放赎回,,,,
1085,2021-02-18,1.3463,1.3463,,,1,0.58,开放申购,开放赎回,,,,
1086,2021-02-10,1.3386,1.3386,,,1,0.19,开放申购,开放赎回,,,,
1087,2021-02-09,1.3361,1.3361,,,1,0.18,开放申购,开放赎回,,,,
1088,2021-02-08,1.3337,1.3337,,,1,1.18,开放申购,开放赎回,,,,
1089,2021-02-05,1.3181,1.3181,,,1,0.71,开放申购,开放赎回,,,,
1090,2021-02-04,1.3088,1.3088,,,1,-0.52,开放申购,开放赎回,,,,
1091,2021-02-03,1.3156,1.3156,,,1,0.24,开放申购,开放赎回,,,,
1092,2021-02-02,1.3124,1.3124,,,1,1.12,开放申购,开放赎回,,,,
1093,2021-02-01,1.2978,1.2978,,,1,0.25,开放申购,开放赎回,,,,
1094,2021-01-29,1.2946,1.2946,,,1,-1.10,开放申购,开放赎回,,,,
1095,2021-01-28,1.3090,1.3090,,,1,-1.36,开放申购,开放赎回,,,,
1096,2021-01-27,1.3270,1.3270,,,1,0.41,开放申购,开放赎回,,,,
1097,2021-01-26,1.3216,1.3216,,,1,-0.91,开放申购,开放赎回,,,,
1098,2021-01-25,1.3338,1.3338,,,1,0.34,开放申购,开放赎回,,,,
1099,2021-01-22,1.3293,1.3293,,,1,-0.17,开放申购,开放赎回,,,,
1100,2021-01-21,1.3316,1.3316,,,1,0.72,开放申购,开放赎回,,,,
1101,2021-01-20,1.3221,1.3221,,,1,-0.80,开放申购,开放赎回,,,,
1102,2021-01-19,1.3328,1.3328,,,1,1.68,开放申购,开放赎回,,,,
1103,2021-01-18,1.3108,1.3108,,,1,-0.58,开放申购,开放赎回,,,,
1104,2021-01-15,1.3185,1.3185,,,1,-0.83,开放申购,开放赎回,,,,
1105,2021-01-14,1.3296,1.3296,,,1,0.15,开放申购,开放赎回,,,,
1106,2021-01-13,1.3276,1.3276,,,1,0.44,开放申购,开放赎回,,,,
1107,2021-01-12,1.3218,1.3218,,,1,-0.29,开放申购,开放赎回,,,,
1108,2021-01-11,1.3256,1.3256,,,1,0.00,暂停申购,暂停赎回,,,,
1109,2021-01-08,1.3256,1.3256,,,1,1.18,开放申购,开放赎回,,,,
1110,2021-01-07,1.3101,1.3101,,,1,1.67,开放申购,开放赎回,,,,
1111,2021-01-06,1.2886,1.2886,,,1,0.01,开放申购,开放赎回,,,,
1112,2021-01-05,1.2885,1.2885,,,1,-0.85,开放申购,开放赎回,,,,
1113,2021-01-04,1.2996,1.2996,,,1,0.81,开放申购,开放赎回,,,,
1114,2020-12-31,1.2891,1.2891,,,1,0.26,暂停申购,暂停赎回,,,,
1115,2020-12-30,1.2858,1.2858,,,1,-0.74,开放申购,开放赎回,,,,
1116,2020-12-29,1.2954,1.2954,,,1,1.88,开放申购,开放赎回,,,,
1117,2020-12-28,1.2715,1.2715,,,1,1.29,开放申购,开放赎回,,,,
1118,2020-12-25,1.2553,1.2553,,,1,-0.46,开放申购,开放赎回,,,,
1119,2020-12-24,1.2611,1.2611,,,1,0.25,开放申购,开放赎回,,,,
1120,2020-12-23,1.2580,1.2580,,,1,0.83,开放申购,开放赎回,,,,
1121,2020-12-22,1.2477,1.2477,,,1,-1.31,开放申购,开放赎回,,,,
1122,2020-12-21,1.2643,1.2643,,,1,-0.15,开放申购,开放赎回,,,,
1123,2020-12-18,1.2662,1.2662,,,1,0.17,开放申购,开放赎回,,,,
1124,2020-12-17,1.2641,1.2641,,,1,0.82,开放申购,开放赎回,,,,
1125,2020-12-16,1.2538,1.2538,,,1,0.24,开放申购,开放赎回,,,,
1126,2020-12-15,1.2508,1.2508,,,1,-0.51,开放申购,开放赎回,,,,
1127,2020-12-14,1.2572,1.2572,,,1,0.46,开放申购,开放赎回,,,,
1128,2020-12-11,1.2515,1.2515,,,1,-0.04,开放申购,开放赎回,,,,
1129,2020-12-10,1.2520,1.2520,,,1,-0.75,开放申购,开放赎回,,,,
1130,2020-12-09,1.2614,1.2614,,,1,0.76,开放申购,开放赎回,,,,
1131,2020-12-08,1.2519,1.2519,,,1,0.57,开放申购,开放赎回,,,,
1132,2020-12-07,1.2448,1.2448,,,1,-1.51,开放申购,开放赎回,,,,
1133,2020-12-04,1.2639,1.2639,,,1,0.59,开放申购,开放赎回,,,,
1134,2020-12-03,1.2565,1.2565,,,1,-0.58,开放申购,开放赎回,,,,
1135,2020-12-02,1.2638,1.2638,,,1,-0.24,开放申购,开放赎回,,,,
1136,2020-12-01,1.2669,1.2669,,,1,0.93,开放申购,开放赎回,,,,
1137,2020-11-30,1.2552,1.2552,,,1,-0.09,开放申购,开放赎回,,,,
1138,2020-11-27,1.2563,1.2563,,,1,0.70,开放申购,开放赎回,,,,
1139,2020-11-26,1.2476,1.2476,,,1,1.07,开放申购,开放赎回,,,,
1140,2020-11-25,1.2344,1.2344,,,1,0.59,开放申购,开放赎回,,,,
1141,2020-11-24,1.2271,1.2271,,,1,1.68,开放申购,开放赎回,,,,
1142,2020-11-23,1.2068,1.2068,,,1,0.15,暂停申购,暂停赎回,,,,
1143,2020-11-20,1.2050,1.2050,,,1,0.73,开放申购,开放赎回,,,,
1144,2020-11-19,1.1963,1.1963,,,1,0.40,开放申购,开放赎回,,,,
1145,2020-11-18,1.1915,1.1915,,,1,-0.82,开放申购,开放赎回,,,,
1146,2020-11-17,1.2013,1.2013,,,1,-0.55,开放申购,开放赎回,,,,
1147,2020-11-16,1.2079,1.2079,,,1,1.50,开放申购,开放赎回,,,,
1148,2020-11-13,1.1901,1.1901,,,1,-0.72,开放申购,开放赎回,,,,
1149,2020-11-12,1.1987,1.1987,,,1,0.64,开放申购,开放赎回,,,,
1150,2020-11-11,1.1911,1.1911,,,1,1.53,开放申购,开放赎回,,,,
1151,2020-11-10,1.1731,1.1731,,,1,-2.74,开放申购,开放赎回,,,,
1152,2020-11-09,1.2061,1.2061,,,1,3.63,开放申购,开放赎回,,,,
1153,2020-11-06,1.1639,1.1639,,,1,-0.35,开放申购,开放赎回,,,,
1154,2020-11-05,1.1680,1.1680,,,1,1.95,开放申购,开放赎回,,,,
1155,2020-11-04,1.1457,1.1457,,,1,1.79,开放申购,开放赎回,,,,
1156,2020-11-03,1.1256,1.1256,,,1,-0.28,暂停申购,暂停赎回,,,,
1157,2020-11-02,1.1288,1.1288,,,1,0.67,开放申购,开放赎回,,,,
1158,2020-10-30,1.1213,1.1213,,,1,-1.78,开放申购,开放赎回,,,,
1159,2020-10-29,1.1416,1.1416,,,1,0.63,开放申购,开放赎回,,,,
1160,2020-10-28,1.1344,1.1344,,,1,0.65,开放申购,开放赎回,,,,
1161,2020-10-27,1.1271,1.1271,,,1,0.34,开放申购,开放赎回,,,,
1162,2020-10-26,1.1233,1.1233,,,1,-0.50,开放申购,开放赎回,,,,
1163,2020-10-23,1.1290,1.1290,,,1,-0.34,开放申购,开放赎回,,,,
1164,2020-10-22,1.1329,1.1329,,,1,-0.58,开放申购,开放赎回,,,,
1165,2020-10-21,1.1395,1.1395,,,1,-0.40,开放申购,开放赎回,,,,
1166,2020-10-20,1.1441,1.1441,,,1,-0.16,开放申购,开放赎回,,,,
1167,2020-10-19,1.1459,1.1459,,,1,0.74,开放申购,开放赎回,,,,
1168,2020-10-16,1.1375,1.1375,,,1,-0.46,开放申购,开放赎回,,,,
1169,2020-10-15,1.1428,1.1428,,,1,-0.40,开放申购,开放赎回,,,,
1170,2020-10-14,1.1474,1.1474,,,1,0.43,开放申购,开放赎回,,,,
1171,2020-10-13,1.1425,1.1425,,,1,1.58,开放申购,开放赎回,,,,
1172,2020-10-12,1.1247,1.1247,,,1,-1.91,开放申购,开放赎回,,,,
1173,2020-10-09,1.1466,1.1466,,,1,2.30,开放申购,开放赎回,,,,
1174,2020-09-30,1.1208,1.1208,,,1,-1.61,开放申购,开放赎回,,,,
1175,2020-09-29,1.1391,1.1391,,,1,0.90,开放申购,开放赎回,,,,
1176,2020-09-28,1.1289,1.1289,,,1,1.30,开放申购,开放赎回,,,,
1177,2020-09-25,1.1144,1.1144,,,1,0.57,开放申购,开放赎回,,,,
1178,2020-09-24,1.1081,1.1081,,,1,-1.46,开放申购,开放赎回,,,,
1179,2020-09-23,1.1245,1.1245,,,1,0.27,开放申购,开放赎回,,,,
1180,2020-09-22,1.1215,1.1215,,,1,0.73,暂停申购,暂停赎回,,,,
1181,2020-09-21,1.1134,1.1134,,,1,-0.22,暂停申购,暂停赎回,,,,
1182,2020-09-18,1.1159,1.1159,,,1,0.26,开放申购,开放赎回,,,,
1183,2020-09-17,1.1130,1.1130,,,1,-0.39,开放申购,开放赎回,,,,
1184,2020-09-16,1.1174,1.1174,,,1,0.24,开放申购,开放赎回,,,,
1185,2020-09-15,1.1147,1.1147,,,1,-0.04,开放申购,开放赎回,,,,
1186,2020-09-14,1.1151,1.1151,,,1,0.90,开放申购,开放赎回,,,,
1187,2020-09-11,1.1052,1.1052,,,1,0.73,开放申购,开放赎回,,,,
1188,2020-09-10,1.0972,1.0972,,,1,0.68,开放申购,开放赎回,,,,
1189,2020-09-09,1.0898,1.0898,,,1,-0.21,开放申购,开放赎回,,,,
1190,2020-09-08,1.0921,1.0921,,,1,0.20,开放申购,开放赎回,,,,
1191,2020-09-07,1.0899,1.0899,,,1,-0.73,开放申购,开放赎回,,,,
1192,2020-09-04,1.0979,1.0979,,,1,-0.72,开放申购,开放赎回,,,,
1193,2020-09-03,1.1059,1.1059,,,1,0.30,开放申购,开放赎回,,,,
1194,2020-09-02,1.1026,1.1026,,,1,0.69,开放申购,开放赎回,,,,
1195,2020-09-01,1.0950,1.0950,,,1,-0.16,开放申购,开放赎回,,,,
1196,2020-08-31,1.0968,1.0968,,,1,1.52,开放申购,开放赎回,,,,
1197,2020-08-28,1.0804,1.0804,,,1,-1.79,开放申购,开放赎回,,,,
1198,2020-08-27,1.1001,1.1001,,,1,0.34,开放申购,开放赎回,,,,
1199,2020-08-26,1.0964,1.0964,,,1,-0.31,开放申购,开放赎回,,,,
1200,2020-08-25,1.0998,1.0998,,,1,0.84,开放申购,开放赎回,,,,
1201,2020-08-24,1.0906,1.0906,,,1,0.67,开放申购,开放赎回,,,,
1202,2020-08-21,1.0833,1.0833,,,1,0.19,开放申购,开放赎回,,,,
1203,2020-08-20,1.0812,1.0812,,,1,-2.00,开放申购,开放赎回,,,,
1204,2020-08-19,1.1033,1.1033,,,1,0.81,开放申购,开放赎回,,,,
1205,2020-08-18,1.0944,1.0944,,,1,0.35,开放申购,开放赎回,,,,
1206,2020-08-17,1.0906,1.0906,,,1,-0.90,开放申购,开放赎回,,,,
1207,2020-08-14,1.1005,1.1005,,,1,-0.15,开放申购,开放赎回,,,,
1208,2020-08-13,1.1022,1.1022,,,1,0.92,开放申购,开放赎回,,,,
1209,2020-08-12,1.0921,1.0921,,,1,0.29,开放申购,开放赎回,,,,
1210,2020-08-11,1.0889,1.0889,,,1,1.88,开放申购,开放赎回,,,,
1211,2020-08-10,1.0688,1.0688,,,1,0.00,暂停申购,暂停赎回,,,,
1212,2020-08-07,1.0688,1.0688,,,1,-0.13,开放申购,开放赎回,,,,
1213,2020-08-06,1.0702,1.0702,,,1,-0.42,开放申购,开放赎回,,,,
1214,2020-08-05,1.0747,1.0747,,,1,1.07,开放申购,开放赎回,,,,
1215,2020-08-04,1.0633,1.0633,,,1,0.56,开放申购,开放赎回,,,,
1216,2020-08-03,1.0574,1.0574,,,1,0.28,开放申购,开放赎回,,,,
1217,2020-07-31,1.0545,1.0545,,,1,-0.71,开放申购,开放赎回,,,,
1218,2020-07-30,1.0620,1.0620,,,1,-0.47,开放申购,开放赎回,,,,
1219,2020-07-29,1.0670,1.0670,,,1,-0.70,开放申购,开放赎回,,,,
1220,2020-07-28,1.0745,1.0745,,,1,0.51,开放申购,开放赎回,,,,
1221,2020-07-27,1.0691,1.0691,,,1,-0.89,开放申购,开放赎回,,,,
1222,2020-07-24,1.0787,1.0787,,,1,0.00,暂停申购,暂停赎回,,,,
1223,2020-07-23,1.0787,1.0787,,,1,0.00,暂停申购,暂停赎回,,,,
1224,2020-07-22,1.0787,1.0787,,,1,-0.42,开放申购,开放赎回,,,,
1225,2020-07-21,1.0833,1.0833,,,1,0.59,开放申购,开放赎回,,,,
1226,2020-07-20,1.0770,1.0770,,,1,0.83,开放申购,开放赎回,,,,
1227,2020-07-17,1.0681,1.0681,,,1,-0.57,开放申购,开放赎回,,,,
1228,2020-07-16,1.0742,1.0742,,,1,-0.93,开放申购,开放赎回,,,,
1229,2020-07-15,1.0843,1.0843,,,1,1.47,开放申购,开放赎回,,,,
1230,2020-07-14,1.0686,1.0686,,,1,-1.21,开放申购,开放赎回,,,,
1231,2020-07-13,1.0817,1.0817,,,1,2.44,开放申购,开放赎回,,,,
1232,2020-07-10,1.0559,1.0559,,,1,-1.57,开放申购,开放赎回,,,,
1233,2020-07-09,1.0727,1.0727,,,1,0.94,开放申购,开放赎回,,,,
1234,2020-07-08,1.0627,1.0627,,,1,-1.46,开放申购,开放赎回,,,,
1235,2020-07-07,1.0784,1.0784,,,1,0.59,开放申购,开放赎回,,,,
1236,2020-07-06,1.0721,1.0721,,,1,1.81,开放申购,开放赎回,,,,
1237,2020-07-03,1.0530,1.0530,,,1,1.45,开放申购,开放赎回,,,,
1238,2020-07-02,1.0380,1.0380,,,1,0.41,开放申购,开放赎回,,,,
1239,2020-07-01,1.0338,1.0338,,,1,-1.80,开放申购,开放赎回,,,,
1240,2020-06-30,1.0527,1.0527,,,1,0.84,开放申购,开放赎回,,,,
1241,2020-06-29,1.0439,1.0439,,,1,-1.15,开放申购,开放赎回,,,,
1242,2020-06-24,1.0560,1.0560,,,1,0.42,开放申购,开放赎回,,,,
1243,2020-06-23,1.0516,1.0516,,,1,-0.29,开放申购,开放赎回,,,,
1244,2020-06-22,1.0547,1.0547,,,1,0.00,开放申购,开放赎回,,,,
1245,2020-06-19,1.0547,1.0547,,,1,0.32,开放申购,开放赎回,,,,
1246,2020-06-18,1.0513,1.0513,,,1,0.40,开放申购,开放赎回,,,,
1247,2020-06-17,1.0471,1.0471,,,1,0.27,开放申购,开放赎回,,,,
1248,2020-06-16,1.0443,1.0443,,,1,3.34,开放申购,开放赎回,,,,
1249,2020-06-15,1.0105,1.0105,,,1,-3.54,开放申购,开放赎回,,,,
1250,2020-06-12,1.0476,1.0476,,,1,-0.07,开放申购,开放赎回,,,,
1251,2020-06-11,1.0483,1.0483,,,1,-1.16,开放申购,开放赎回,,,,
1252,2020-06-10,1.0606,1.0606,,,1,0.75,开放申购,开放赎回,,,,
1253,2020-06-09,1.0527,1.0527,,,1,0.09,开放申购,开放赎回,,,,
1254,2020-06-08,1.0518,1.0518,,,1,-0.49,开放申购,开放赎回,,,,
1255,2020-06-05,1.0570,1.0570,,,1,0.61,开放申购,开放赎回,,,,
1256,2020-06-04,1.0506,1.0506,,,1,0.39,开放申购,开放赎回,,,,
1257,2020-06-03,1.0465,1.0465,,,1,-0.72,开放申购,开放赎回,,,,
1258,2020-06-02,1.0541,1.0541,,,1,1.91,开放申购,开放赎回,,,,
1259,2020-06-01,1.0343,1.0343,,,1,0.78,开放申购,开放赎回,,,,
1260,2020-05-29,1.0263,1.0263,,,1,-0.08,开放申购,开放赎回,,,,
1261,2020-05-28,1.0271,1.0271,,,1,1.61,开放申购,开放赎回,,,,
1262,2020-05-27,1.0108,1.0108,,,1,0.22,开放申购,开放赎回,,,,
1263,2020-05-26,1.0086,1.0086,,,1,1.80,开放申购,开放赎回,,,,
1264,2020-05-25,0.9908,0.9908,,,1,1.33,开放申购,开放赎回,,,,
1265,2020-05-22,0.9778,0.9778,,,1,-0.56,开放申购,开放赎回,,,,
1266,2020-05-21,0.9833,0.9833,,,1,-0.25,开放申购,开放赎回,,,,
1267,2020-05-20,0.9858,0.9858,,,1,0.46,开放申购,开放赎回,,,,
1268,2020-05-19,0.9813,0.9813,,,1,1.51,开放申购,开放赎回,,,,
1269,2020-05-18,0.9667,0.9667,,,1,0.01,开放申购,开放赎回,,,,
1270,2020-05-15,0.9666,0.9666,,,1,0.47,开放申购,开放赎回,,,,
1271,2020-05-14,0.9621,0.9621,,,1,-0.99,开放申购,开放赎回,,,,
1272,2020-05-13,0.9717,0.9717,,,1,-0.12,开放申购,开放赎回,,,,
1273,2020-05-12,0.9729,0.9729,,,1,-0.32,开放申购,开放赎回,,,,
1274,2020-05-11,0.9760,0.9760,,,1,1.27,开放申购,开放赎回,,,,
1275,2020-05-08,0.9638,0.9638,,,1,1.44,开放申购,开放赎回,,,,
1276,2020-05-07,0.9501,0.9501,,,1,-1.55,开放申购,开放赎回,,,,
1277,2020-05-06,0.9651,0.9651,,,1,0.00,暂停申购,暂停赎回,,,,
1278,2020-04-30,0.9651,0.9651,,,1,2.14,开放申购,开放赎回,,,,
1279,2020-04-29,0.9449,0.9449,,,1,0.00,暂停申购,暂停赎回,,,,
1280,2020-04-28,0.9449,0.9449,,,1,0.47,开放申购,开放赎回,,,,
1281,2020-04-27,0.9405,0.9405,,,1,1.51,开放申购,开放赎回,,,,
1282,2020-04-24,0.9265,0.9265,,,1,-0.92,开放申购,开放赎回,,,,
1283,2020-04-23,0.9351,0.9351,,,1,0.87,开放申购,开放赎回,,,,
1284,2020-04-22,0.9270,0.9270,,,1,-0.12,开放申购,开放赎回,,,,
1285,2020-04-21,0.9281,0.9281,,,1,-1.38,开放申购,开放赎回,,,,
1286,2020-04-20,0.9411,0.9411,,,1,-0.56,开放申购,开放赎回,,,,
1287,2020-04-17,0.9464,0.9464,,,1,1.21,开放申购,开放赎回,,,,
1288,2020-04-16,0.9351,0.9351,,,1,-0.22,开放申购,开放赎回,,,,
1289,2020-04-15,0.9372,0.9372,,,1,0.66,开放申购,开放赎回,,,,
1290,2020-04-14,0.9311,0.9311,,,1,2.22,开放申购,开放赎回,,,,
1291,2020-04-13,0.9109,0.9109,,,1,-2.06,开放申购,开放赎回,,,,
1292,2020-04-10,0.9301,0.9301,,,1,0.96,开放申购,开放赎回,,,,
1293,2020-04-09,0.9213,0.9213,,,1,-0.35,开放申购,开放赎回,,,,
1294,2020-04-08,0.9245,0.9245,,,1,0.86,开放申购,开放赎回,,,,
1295,2020-04-07,0.9166,0.9166,,,1,4.84,开放申购,开放赎回,,,,
1296,2020-04-03,0.8743,0.8743,,,1,-0.07,开放申购,开放赎回,,,,
1297,2020-04-02,0.8749,0.8749,,,1,0.10,开放申购,开放赎回,,,,
1298,2020-04-01,0.8740,0.8740,,,1,-3.05,开放申购,开放赎回,,,,
1299,2020-03-31,0.9015,0.9015,,,1,-0.76,开放申购,开放赎回,,,,
1300,2020-03-30,0.9084,0.9084,,,1,0.22,开放申购,开放赎回,,,,
1301,2020-03-27,0.9064,0.9064,,,1,2.86,开放申购,开放赎回,,,,
1302,2020-03-26,0.8812,0.8812,,,1,-2.14,开放申购,开放赎回,,,,
1303,2020-03-25,0.9005,0.9005,,,1,4.07,开放申购,开放赎回,,,,
1304,2020-03-24,0.8653,0.8653,,,1,4.27,开放申购,开放赎回,,,,
1305,2020-03-23,0.8299,0.8299,,,1,-0.31,开放申购,开放赎回,,,,
1306,2020-03-20,0.8325,0.8325,,,1,0.00,暂停申购,暂停赎回,,,,
1307,2020-03-19,0.8325,0.8325,,,1,-0.07,开放申购,开放赎回,,,,
1308,2020-03-18,0.8331,0.8331,,,1,-0.38,开放申购,开放赎回,,,,
1309,2020-03-17,0.8363,0.8363,,,1,4.22,开放申购,开放赎回,,,,
1310,2020-03-16,0.8024,0.8024,,,1,-4.28,开放申购,开放赎回,,,,
1311,2020-03-13,0.8383,0.8383,,,1,0.93,开放申购,开放赎回,,,,
1312,2020-03-12,0.8306,0.8306,,,1,-4.13,开放申购,开放赎回,,,,
1313,2020-03-11,0.8664,0.8664,,,1,-5.16,开放申购,开放赎回,,,,
1314,2020-03-10,0.9135,0.9135,,,1,7.19,开放申购,开放赎回,,,,
1315,2020-03-09,0.8522,0.8522,,,1,-7.18,开放申购,开放赎回,,,,
1316,2020-03-06,0.9181,0.9181,,,1,-1.94,开放申购,开放赎回,,,,
1317,2020-03-05,0.9363,0.9363,,,1,-1.65,开放申购,开放赎回,,,,
1318,2020-03-04,0.9520,0.9520,,,1,2.17,开放申购,开放赎回,,,,
1319,2020-03-03,0.9318,0.9318,,,1,-3.28,开放申购,开放赎回,,,,
1320,2020-03-02,0.9634,0.9634,,,1,4.29,开放申购,开放赎回,,,,
1321,2020-02-28,0.9238,0.9238,,,1,-4.58,开放申购,开放赎回,,,,
1322,2020-02-27,0.9681,0.9681,,,1,-3.03,开放申购,开放赎回,,,,
1323,2020-02-26,0.9984,0.9984,,,1,-0.72,开放申购,开放赎回,,,,
1324,2020-02-25,1.0056,1.0056,,,1,-3.15,开放申购,开放赎回,,,,
1325,2020-02-24,1.0383,1.0383,,,1,0.00,暂停申购,暂停赎回,,,,
1326,2020-02-21,1.0383,1.0383,,,1,-1.42,开放申购,开放赎回,,,,
1327,2020-02-20,1.0533,1.0533,,,1,-0.32,开放申购,开放赎回,,,,
1328,2020-02-19,1.0567,1.0567,,,1,2.27,开放申购,开放赎回,,,,
1329,2020-02-18,1.0332,1.0332,,,1,-1.76,开放申购,开放赎回,,,,
1330,2020-02-17,1.0517,1.0517,,,1,-0.90,开放申购,开放赎回,,,,
1331,2020-02-14,1.0612,1.0612,,,1,-0.63,开放申购,开放赎回,,,,
1332,2020-02-13,1.0679,1.0679,,,1,-0.58,开放申购,开放赎回,,,,
1333,2020-02-12,1.0741,1.0741,,,1,0.53,开放申购,开放赎回,,,,
1334,2020-02-11,1.0684,1.0684,,,1,0.00,暂停申购,暂停赎回,,,,
1335,2020-02-10,1.0684,1.0684,,,1,-0.05,开放申购,开放赎回,,,,
1336,2020-02-07,1.0689,1.0689,,,1,-1.57,开放申购,开放赎回,,,,
1337,2020-02-06,1.0859,1.0859,,,1,1.95,开放申购,开放赎回,,,,
1338,2020-02-05,1.0651,1.0651,,,1,0.83,开放申购,开放赎回,,,,
1339,2020-02-04,1.0563,1.0563,,,1,2.95,开放申购,开放赎回,,,,
1340,2020-02-03,1.0260,1.0260,,,1,-4.14,开放申购,开放赎回,,,,
1341,2020-01-23,1.0703,1.0703,,,1,,开放申购,开放赎回,,,,
1342,2020-01-22,1.0841,1.0841,,,1,1.02,开放申购,开放赎回,,,,
1343,2020-01-21,1.0732,1.0732,,,1,-1.17,开放申购,开放赎回,,,,
1344,2020-01-20,1.0859,1.0859,,,1,0.20,开放申购,开放赎回,,,,
1345,2020-01-17,1.0837,1.0837,,,1,-0.06,开放申购,开放赎回,,,,
1346,2020-01-16,1.0843,1.0843,,,1,0.21,开放申购,开放赎回,,,,
1347,2020-01-15,1.0820,1.0820,,,1,-0.74,开放申购,开放赎回,,,,
1348,2020-01-14,1.0901,1.0901,,,1,0.30,开放申购,开放赎回,,,,
1349,2020-01-13,1.0868,1.0868,,,1,0.00,暂停申购,暂停赎回,,,,
1350,2020-01-10,1.0868,1.0868,,,1,-0.05,开放申购,开放赎回,,,,
1351,2020-01-09,1.0873,1.0873,,,1,1.02,开放申购,开放赎回,,,,
1352,2020-01-08,1.0763,1.0763,,,1,-1.49,开放申购,开放赎回,,,,
1353,2020-01-07,1.0926,1.0926,,,1,1.40,开放申购,开放赎回,,,,
1354,2020-01-06,1.0775,1.0775,,,1,-0.62,开放申购,开放赎回,,,,
1355,2020-01-03,1.0842,1.0842,,,1,0.00,暂停申购,暂停赎回,,,,
1356,2020-01-02,1.0842,1.0842,,,1,0.00,暂停申购,暂停赎回,,,,
1357,2019-12-31,1.0842,1.0842,,,1,0.53,暂停申购,暂停赎回,,,,
1358,2019-12-30,1.0785,1.0785,,,1,-0.78,开放申购,开放赎回,,,,
1359,2019-12-27,1.0870,1.0870,,,1,0.11,开放申购,开放赎回,,,,
1360,2019-12-26,1.0858,1.0858,,,1,0.35,开放申购,开放赎回,,,,
1361,2019-12-25,1.0820,1.0820,,,1,0.07,开放申购,开放赎回,,,,
1362,2019-12-24,1.0812,1.0812,,,1,0.46,开放申购,开放赎回,,,,
1363,2019-12-23,1.0763,1.0763,,,1,-0.09,开放申购,开放赎回,,,,
1364,2019-12-20,1.0773,1.0773,,,1,0.87,开放申购,开放赎回,,,,
1365,2019-12-19,1.0680,1.0680,,,1,-0.65,开放申购,开放赎回,,,,
1366,2019-12-18,1.0750,1.0750,,,1,-0.50,开放申购,开放赎回,,,,
1367,2019-12-17,1.0804,1.0804,,,1,0.32,开放申购,开放赎回,,,,
1368,2019-12-16,1.0770,1.0770,,,1,-0.38,开放申购,开放赎回,,,,
1369,2019-12-13,1.0811,1.0811,,,1,0.68,开放申购,开放赎回,,,,
1370,2019-12-12,1.0738,1.0738,,,1,1.24,开放申购,开放赎回,,,,
1371,2019-12-11,1.0607,1.0607,,,1,-1.15,开放申购,开放赎回,,,,
1372,2019-12-10,1.0730,1.0730,,,1,0.66,开放申购,开放赎回,,,,
1373,2019-12-09,1.0660,1.0660,,,1,0.34,开放申购,开放赎回,,,,
1374,2019-12-06,1.0624,1.0624,,,1,0.24,开放申购,开放赎回,,,,
1375,2019-12-05,1.0599,1.0599,,,1,0.58,开放申购,开放赎回,,,,
1376,2019-12-04,1.0538,1.0538,,,1,0.43,开放申购,开放赎回,,,,
1377,2019-12-03,1.0493,1.0493,,,1,-0.39,开放申购,开放赎回,,,,
1378,2019-12-02,1.0534,1.0534,,,1,0.16,开放申购,开放赎回,,,,
1379,2019-11-29,1.0517,1.0517,,,1,-0.39,开放申购,开放赎回,,,,
1380,2019-11-28,1.0558,1.0558,,,1,-0.34,开放申购,开放赎回,,,,
1381,2019-11-27,1.0594,1.0594,,,1,1.11,开放申购,开放赎回,,,,
1382,2019-11-26,1.0478,1.0478,,,1,0.41,开放申购,开放赎回,,,,
1383,2019-11-25,1.0435,1.0435,,,1,0.97,开放申购,开放赎回,,,,
1384,2019-11-22,1.0335,1.0335,,,1,0.16,开放申购,开放赎回,,,,
1385,2019-11-21,1.0319,1.0319,,,1,0.04,开放申购,开放赎回,,,,
1386,2019-11-20,1.0315,1.0315,,,1,0.13,开放申购,开放赎回,,,,
1387,2019-11-19,1.0302,1.0302,,,1,-0.30,开放申购,开放赎回,,,,
1388,2019-11-18,1.0333,1.0333,,,1,-0.12,开放申购,开放赎回,,,,
1389,2019-11-15,1.0345,1.0345,,,1,1.29,开放申购,开放赎回,,,,
1390,2019-11-14,1.0213,1.0213,,,1,-0.81,开放申购,开放赎回,,,,
1391,2019-11-13,1.0296,1.0296,,,1,-0.57,开放申购,开放赎回,,,,
1392,2019-11-12,1.0355,1.0355,,,1,0.62,开放申购,开放赎回,,,,
1393,2019-11-11,1.0291,1.0291,,,1,-0.21,开放申购,开放赎回,,,,
1394,2019-11-08,1.0313,1.0313,,,1,-0.78,开放申购,开放赎回,,,,
1395,2019-11-07,1.0394,1.0394,,,1,1.06,开放申购,开放赎回,,,,
1396,2019-11-06,1.0285,1.0285,,,1,-0.99,开放申购,开放赎回,,,,
1397,2019-11-05,1.0388,1.0388,,,1,1.29,开放申购,开放赎回,,,,
1398,2019-11-04,1.0256,1.0256,,,1,0.00,暂停申购,暂停赎回,,,,
1399,2019-11-01,1.0256,1.0256,,,1,1.08,开放申购,开放赎回,,,,
1400,2019-10-31,1.0146,1.0146,,,1,-0.61,开放申购,开放赎回,,,,
1401,2019-10-30,1.0208,1.0208,,,1,0.27,开放申购,开放赎回,,,,
1402,2019-10-29,1.0181,1.0181,,,1,0.17,开放申购,开放赎回,,,,
1403,2019-10-28,1.0164,1.0164,,,1,0.16,开放申购,开放赎回,,,,
1404,2019-10-25,1.0148,1.0148,,,1,0.31,开放申购,开放赎回,,,,
1405,2019-10-24,1.0117,1.0117,,,1,-0.16,开放申购,开放赎回,,,,
1406,2019-10-23,1.0133,1.0133,,,1,0.57,开放申购,开放赎回,,,,
1407,2019-10-22,1.0076,1.0076,,,1,0.00,暂停申购,暂停赎回,,,,
1408,2019-10-21,1.0076,1.0076,,,1,0.47,开放申购,开放赎回,,,,
1409,2019-10-18,1.0029,1.0029,,,1,-0.17,开放申购,开放赎回,,,,
1410,2019-10-17,1.0046,1.0046,,,1,0.01,开放申购,开放赎回,,,,
1411,2019-10-16,1.0045,1.0045,,,1,-0.40,开放申购,开放赎回,,,,
1412,2019-10-15,1.0085,1.0085,,,1,0.36,开放申购,开放赎回,,,,
1413,2019-10-14,1.0049,1.0049,,,1,0.00,暂停申购,暂停赎回,,,,
1414,2019-10-11,1.0049,1.0049,,,1,0.12,开放申购,开放赎回,,,,
1415,2019-10-10,1.0037,1.0037,,,1,0.42,开放申购,开放赎回,,,,
1416,2019-10-09,0.9995,0.9995,,,1,0.39,开放申购,开放赎回,,,,
1417,2019-10-08,0.9956,0.9956,,,1,-0.05,开放申购,开放赎回,,,,
1418,2019-09-30,0.9961,0.9961,,,1,-0.67,开放申购,开放赎回,,,,
1419,2019-09-27,1.0028,1.0028,,,1,-0.06,开放申购,开放赎回,,,,
1420,2019-09-26,1.0034,1.0034,,,1,-0.01,开放申购,开放赎回,,,,
1421,2019-09-25,1.0035,1.0035,,,1,0.36,开放申购,开放赎回,,,,
1422,2019-09-24,0.9999,0.9999,,,1,0.04,开放申购,开放赎回,,,,
1423,2019-09-23,0.9995,0.9995,,,1,-0.29,开放申购,开放赎回,,,,
1424,2019-09-20,1.0024,1.0024,,,1,-0.04,开放申购,开放赎回,,,,
1425,2019-09-19,1.0028,1.0028,,,1,-0.12,开放申购,开放赎回,,,,
1426,2019-09-18,1.0040,1.0040,,,1,0.12,开放申购,开放赎回,,,,
1427,2019-09-17,1.0028,1.0028,,,1,-0.09,开放申购,开放赎回,,,,
1428,2019-09-16,1.0037,1.0037,,,1,0.16,开放申购,开放赎回,,,,
1429,2019-09-12,1.0021,1.0021,,,1,0.16,开放申购,开放赎回,,,,
1430,2019-09-11,1.0005,1.0005,,,1,0.08,开放申购,开放赎回,,,,
1431,2019-09-10,0.9997,0.9997,,,1,-0.05,开放申购,开放赎回,,,,
1432,2019-09-09,1.0002,1.0002,,,1,0.03,开放申购,开放赎回,,,,
1433,2019-09-06,0.9999,0.9999,,,1,-0.01,开放申购,开放赎回,,,,
1434,2019-09-05,1.0000,1.0000,,,1,0.00,开放申购,开放赎回,,,,
1435,2019-09-04,1.0000,1.0000,,,1,0.19,开放申购,开放赎回,,,,
1436,2019-09-03,0.9981,0.9981,,,1,-0.22,开放申购,开放赎回,,,,
1437,2019-09-02,1.0003,1.0003,,,1,0.00,开放申购,开放赎回,,,,
1438,2019-08-30,1.0003,1.0003,,,1,0.01,封闭期,封闭期,,,,
1439,2019-08-29,1.0002,1.0002,,,1,,封闭期,封闭期,,,,
1440,2019-08-23,1.0002,1.0002,,,1,,封闭期,封闭期,,,,
1441,2019-08-16,1.0001,1.0001,,,1,,封闭期,封闭期,,,,
1442,2019-08-09,1.0000,1.0000,,,1,,封闭期,封闭期,,,,
1443,2019-08-02,1.0000,1.0000,,,1,,封闭期,封闭期,,,,
1444,2019-07-31,1.0000,1.0000,,,1,,封闭期,封闭期,,,,
